Category,Subject,Topic,Difficulty,Question,A,B,C,D,Correct Answer,Rationale,Reference
PROFESSIONAL_EDUCATION,Professional Education,Principles of Teaching,EASY,"When selecting instructional materials, what should be the teacher’s primary consideration?",The material must be crafted creatively and skillfully,The material must stimulate and maintain students’ interest,It must be updated and relevant to the Filipino setting,It must be suited to the lesson objective,D,Instructional materials are resources used to support the achievement of intended learning outcomes. Choice D is correct because even a creative or interesting material is inappropriate if it does not help learners achieve the lesson objective.,7PE-FULL-SET.docx
PROFESSIONAL_EDUCATION,Professional Education,Classroom Management,MODERATE,Which of the following classroom practices is not recommended because it does not contribute to effective classroom management?,Enforcing firm and fair discipline in the classroom.,"Establishing rules, regulations, and routines from the first day of school.",Applying rules and regulations on a case-by-case basis.,Developing a system for entering and exiting the classroom.,C,Effective classroom management requires rules and procedures to be applied consistently and fairly rather than arbitrarily from one case to another. Choice C is correct because applying rules inconsistently on a case-by-case basis can create confusion and weaken students' understanding of expectations.,7PE-FULL-SET.docx
PROFESSIONAL_EDUCATION,Professional Education,Curriculum Development,MODERATE,Which of the following best describes the sequence of steps in the deductive method?,"Statement of the problem, generalization, inference, verification","Statement of the problem, inference, generalization, verification","Inference, statement of the problem, generalization, verification","Inference, statement of the problem, verification, generalization",A,"The deductive method begins with a general statement or principle and proceeds toward specific inferences that can be verified. Choice A is correct because the listed sequence begins with the problem or general statement, develops a generalization, derives an inference, and then verifies it.",7PE-FULL-SET.docx
PROFESSIONAL_EDUCATION,Professional Education,Principles of Teaching,MODERATE,"Miss Erica, in her biology class, supports her lessons with engaging visual aids, as she believes students learn more effectively when concepts are presented with images, whether real or imagined, rather than relying solely on the lecture method. Which learning theory does she advocate?",Cognitive Load Theory,Dual Coding Theory,Constructivist Epistemology,Multimodal Theory,B,Dual Coding Theory proposes that learning can be supported by combining verbal information with nonverbal or visual representations. Choice B is correct because Ms. Erica deliberately combines lesson explanations with images to strengthen learners' understanding and memory.,7PE-FULL-SET.docx
PROFESSIONAL_EDUCATION,Professional Education,Curriculum Development,EASY,Educational objectives are arranged from simple to complex. Why is this?,Each level builds upon and assumes the acquisition of skills from the previous level.,Objectives are broad and value-laden statements that lead to the philosophy of education.,"They are idealistic and ambitious, forming a grand vision for applying taxonomy at all levels.","These are guidelines for teaching and learning, where both teachers and students assess progress.",A,Bloom's cognitive levels are arranged progressively because more complex thinking generally depends on foundational knowledge and skills. Choice A is correct because each higher level assumes that learners have acquired abilities represented by earlier levels.,7PE-FULL-SET.docx
PROFESSIONAL_EDUCATION,Professional Education,Principles of Teaching,MODERATE,"Teacher C assigns a specific topic for the class to research and submit the following day. However, the students are unable to find any relevant information. What teaching method should Teacher C use to help the students understand the topic?",Project method,Discovery approach,Demonstration method,Lecture method,D,"The lecture method allows a teacher to directly organize and explain information when learners cannot independently locate or construct the needed content. Choice D is correct because the students have failed to find relevant information, so direct explanation can provide the missing knowledge efficiently.",7PE-FULL-SET.docx
PROFESSIONAL_EDUCATION,Professional Education,Classroom Management,MODERATE,Mr. Perez looks directly into his students' eyes to signal his disapproval of their mischievous behavior. What kind of influence technique is best illustrated in this scenario?,Interest boosting,Direct appeal,Signal interference,Proximity control,C,A signal is a nonverbal cue used by a teacher to communicate a desired response without interrupting instruction. Choice C is correct according to the source's classification because Mr. Perez uses eye contact as a nonverbal signal to communicate disapproval.,7PE-FULL-SET.docx
PROFESSIONAL_EDUCATION,Professional Education,Principles of Teaching,MODERATE,"Which type of question encourages students to search for and identify relationships that are not immediately obvious, while also challenging their intellect?",Explanatory questions,Open-ended questions,Descriptive questions,Recall questions,B,"Open-ended questions allow learners to explore relationships, generate explanations, and think beyond a single recalled fact. Choice B is correct because the item asks for questions that challenge students to identify less-obvious relationships and exercise higher-level thinking.",7PE-FULL-SET.docx
PROFESSIONAL_EDUCATION,Professional Education,Principles of Teaching,MODERATE,Ms. Jocson often teaches content-oriented subject matter in a traditional way. Which of the following teaching strategies does she most likely use?,Problem-solving,Exploratory,Inductive,Expository,D,"Expository teaching presents organized information directly from the teacher and is commonly used for content-oriented instruction. Choice D is correct because Ms. Jocson's traditional, content-focused approach fits the expository strategy.",7PE-FULL-SET.docx
PROFESSIONAL_EDUCATION,Professional Education,Educational Philosophy,EASY,Which teaching methodology statement aligns best with the progressivist philosophy of education?,"I will make students learn by doing, with less teacher talk and more student talk.",Teaching and learning are best achieved using a combination of chalkboard and modern technologies.,Teaching and learning take place only within the classroom.,I will allow students to discover knowledge on their own without any teacher guidance.,A,"Progressivism is a learner-centered philosophy that emphasizes experience, active participation, and learning by doing. Choice A is correct because having students learn through activity while reducing teacher talk reflects the active, student-centered classroom promoted by progressivism.",7PE-FULL-SET.docx
PROFESSIONAL_EDUCATION,Professional Education,Educational Philosophy,MODERATE,The Department of Education emphasizes the development of basic skills in the curriculum. Which of the following philosophical foundations most supports this emphasis?,Pragmatism,Constructivism,Realism,Essentialism,D,"Essentialism emphasizes mastery of fundamental knowledge and basic skills considered necessary for educated citizens. Choice D is correct because the question specifically describes the curriculum's emphasis on developing basic skills, which is a central essentialist concern.",7PE-FULL-SET.docx
PROFESSIONAL_EDUCATION,Professional Education,Educational Philosophy,EASY,"While progressivists emphasize the individuality of the child, what is the primary concern of reconstructionists in education?",Promoting universal moral values,Preserving traditional educational practices,Fostering societal change and social justice,Developing intellectual skills and critical thinking,C,Social reconstructionism views education as a means of addressing social problems and improving society. Choice C is correct because fostering societal change and social justice directly expresses reconstructionism's concern with using education for social transformation.,7PE-FULL-SET.docx
PROFESSIONAL_EDUCATION,Professional Education,Principles of Teaching,MODERATE,"To ensure the lesson runs smoothly, Teacher April outlines the steps she will follow, along with her students. Which aspect of teaching does this practice relate to?",Teaching style,Teaching strategy,Teaching method,Teaching technique,C,A teaching method is a systematic way of organizing and carrying out instruction to achieve learning goals. Choice C is correct because outlining the steps that the teacher and students will follow describes the organized method used to conduct the lesson.,7PE-FULL-SET.docx
PROFESSIONAL_EDUCATION,Professional Education,Principles of Teaching,MODERATE,"Teacher B wanted her students to learn the electoral process in action. To do this, the students simulated the real process, including creating their own qualifications for candidates, designing campaigning methods, and canvassing votes. From this, the students learned through ______.",Contrived experiences,Direct experiences,Purposeful experiences,Demonstration,A,Contrived experiences are simulated or artificially arranged experiences that approximate real situations for learning purposes. Choice A is correct because the students simulate an electoral process rather than participate in an actual election.,7PE-FULL-SET.docx
PROFESSIONAL_EDUCATION,Professional Education,Child and Adolescent Development,MODERATE,"A preschool boy observes two rows of five coins equally spaced and identifies that both rows have the same number of coins. However, when one row is spread out to appear longer, he claims that it has more coins. According to Piaget’s theory, which cognitive ability is he lacking?",Conservation,Perspective taking,Seriation,Reversibility,A,"Conservation is the ability to understand that quantity remains the same even when its appearance or arrangement changes. Choice A is correct because the child thinks the spread-out row contains more coins even though the number has not changed, showing a lack of conservation.",7PE-FULL-SET.docx
PROFESSIONAL_EDUCATION,Professional Education,Learning Theories and Principles,MODERATE,Mrs. Aspen plans to apply Gestalt principles in her classroom instruction. Which of the following activities should she avoid?,Teaching topics with commonalities next to each other,Using bolder fonts for important words in a paragraph.,Rewarding desirable behaviors.,Relating a new topic to something the student already knows.,C,"Gestalt principles emphasize how learners perceive relationships, patterns, and organized wholes rather than unrelated individual elements. Choice C is correct because rewarding desirable behavior belongs to behaviorist practice, not to the Gestalt principles described in the other classroom activities.",7PE-FULL-SET.docx
PROFESSIONAL_EDUCATION,Professional Education,Child and Adolescent Development,MODERATE,"""Do not cheat. Cheating does not pay. If you do, you cheat yourself,"" says the voiceless voice from within you. In the context of Freud's theory, which part of your personality is at work?",Ego and superego,Superego only,Ego only,Id and superego,B,"In Freud's theory, the superego represents internalized moral standards, while the ego helps regulate behavior in relation to reality. Choice B is correct because the inner warning against cheating reflects the superego's moral conscience.",7PE-FULL-SET.docx
PROFESSIONAL_EDUCATION,Professional Education,Learning Theories and Principles,MODERATE,"Teacher L, a science teacher, ensures that all students focus on his demonstration of the proper behavior for lighting a Bunsen burner. Whose theory supports Teacher L's practice?",Piaget’s,Bandura’s,Vygotsky's,Bronfenbrenner,B,"Bandura's social learning theory explains that people can learn behaviors by observing models and their actions. Choice B is correct because Teacher L first demonstrates proper Bunsen-burner behavior for students to observe, which is an example of observational learning.",7PE-FULL-SET.docx
PROFESSIONAL_EDUCATION,Professional Education,Professional Education Foundations,MODERATE,"One of the objectives of elementary education is “to provide the knowledge and develop the skills, attitudes, and values essential for personal development, a productive life…” This objective is based on the philosophy of which educational theorist?",Realism,Perennialism,Progressivism,Essentialism,D,"Essentialism gives importance to developing the knowledge and basic skills considered necessary for productive living. Choice D is correct because the stated elementary objective emphasizes essential knowledge, skills, attitudes, and values for personal development and productive life.",7PE-FULL-SET.docx
PROFESSIONAL_EDUCATION,Professional Education,Social Dimensions of Education,MODERATE,"By giving education the highest budgetary allocation, the Philippine government recognizes the potential contribution of its future citizens to the national development goals of Philippine society. Which of the following educational philosophies stresses this goal of education for social transformation?",Roman education,Followers of Christ,Greek education,Athenian education,D,Athenian education historically placed importance on preparing citizens for participation in civic life and the development of society. Choice D is correct because the item connects education with preparing future citizens to contribute to the development of Philippine society.,7PE-FULL-SET.docx
PROFESSIONAL_EDUCATION,Professional Education,Educational Philosophy,DIFFICULT,"John Dewey made significant contributions to the sociological foundations of education, many of which remain highly influential today. Which of the following is NOT one of Dewey's major principles?",Education is a social process that begins unconsciously at birth.,Facilitating education means being aware of the social condition of the child.,True education is the transmission of knowledge.,"School is a continuation of home activities, where home practices continue at school.",C,Dewey viewed education as a social process and rejected the idea that schooling is simply the transmission of fixed knowledge. Choice C is correct because describing true education as the transmission of knowledge conflicts with Dewey's experiential and social view of education.,7PE-FULL-SET.docx
PROFESSIONAL_EDUCATION,Professional Education,Educational Philosophy,MODERATE,Which of the following BEST describes the role of a teacher from a perennialist perspective?,To expose learners to up-to-date information about science and math.,To assist learners in clarifying their value priorities through self-analysis.,To interpret and analyze complete information for the students.,"To impart the wisdom of the ages, such as those found in the Bible or Quran.",D,"Perennialism emphasizes enduring truths, great ideas, and intellectual traditions that have lasting value. Choice D is correct because imparting the wisdom of the ages is consistent with the perennialist view of the teacher as a transmitter and interpreter of enduring knowledge.",7PE-FULL-SET.docx
PROFESSIONAL_EDUCATION,Professional Education,The Teaching Profession,MODERATE,What is the most effective way for a new teacher to integrate into a school’s unique culture?,Participate in orientation led by peers.,Engage in planning and collaborative activities.,"Familiarize oneself with the school’s vision, mission, and goals.",Memorize the school’s Code of Conduct.,B,"School culture is reflected in its shared vision, mission, goals, values, practices, and expectations. Choice B is correct because participating in planning and collaborative activities allows a new teacher to interact with colleagues and actively become part of the school's culture.",7PE-FULL-SET.docx
PROFESSIONAL_EDUCATION,Professional Education,Educational Philosophy,EASY,The specialization required of every professional teacher to achieve competence aligns with which pillar of learning?,Learning to know,Learning to be,Learning to live together,Learning to do,B,"The pillar 'learning to be' focuses on developing the whole person, including personal competence and professional identity. Choice B is correct because teacher specialization is part of developing the professional self and becoming competent in one's chosen field.",7PE-FULL-SET.docx
PROFESSIONAL_EDUCATION,Professional Education,Professional Education Foundations,MODERATE,"Following the 1987 Philippine Constitution, what was the first legal basis that recognized teaching as a profession and elevated teachers to the status of professionals?",RA 7836,PD 1006,RA 7640,RA 4670,B,PD 1006 was the Decree on the Professionalization of Teachers and was an early legal measure formally recognizing teaching as a profession in the Philippines. Choice B is correct because the question asks for the first legal basis that elevated teaching to professional status after the constitutional framework.,7PE-FULL-SET.docx
PROFESSIONAL_EDUCATION,Professional Education,Child and Adolescent Development,EASY,What is the most commendable and ideal motivation for teachers to participate in professional development programs?,Maximizing the use of time and resources,Earning professional and higher merit pay,Providing support for training programs,Fostering continuous professional growth,D,"Professional development is intended to improve a teacher's knowledge, skills, competence, and professional practice continuously. Choice D is correct because fostering continuous professional growth reflects the intrinsic professional purpose of participating in development programs.",7PE-FULL-SET.docx
PROFESSIONAL_EDUCATION,Professional Education,The Teaching Profession,EASY,Which of the following does NOT illustrate the principle that rights and duties are correlative?,The right of the state to compel students to perform military service is balanced by the state's duty to protect them.,The right to life of children and the duty to respect that right.,The right of an unmarried pregnant teacher to terminate her pregnancy in relation to her duty to protect her reputation and employment.,The right to a living wage involves the duty of school administrators to provide the agreed-upon salary and the duty of teachers to deliver a fair amount of work.,C,Correlative rights and duties mean that a person's right is accompanied by a corresponding duty or responsibility. Choice C is correct because the stated relationship does not establish a clear corresponding right-and-duty relationship in the same way as the other examples.,7PE-FULL-SET.docx
PROFESSIONAL_EDUCATION,Professional Education,The Teaching Profession,MODERATE,"Which of the following directly qualifies a teacher candidate for registration and recognition as a professional, on par with other professions such as medicine, law, and nursing?",Ongoing professional education,Employment as a teacher,Membership in a professional association,Passing a licensure examination,D,Professional registration and recognition in a regulated profession require meeting the profession's legal qualification for practice. Choice D is correct because passing the licensure examination is the direct qualification identified for professional recognition as a teacher.,7PE-FULL-SET.docx
PROFESSIONAL_EDUCATION,Professional Education,The Teaching Profession,MODERATE,Is it in accordance with the Philippine Teachers Professionalization Act for private schools to employ teachers without a license?,"Yes, the Teacher's Professionalization Act only applies to teachers in public schools.","No, the licensure requirement applies to teachers in both public and private schools.","Yes, as long as the teacher is a freshly graduate.","No, unless the teacher has shown very satisfactory performance for the past five years.",B,"Teacher professionalization laws establish licensure requirements for professional teaching practice, subject to their legal provisions and exceptions. Choice B is correct because the item identifies the licensure requirement as applying to teachers in both public and private schools.",7PE-FULL-SET.docx
PROFESSIONAL_EDUCATION,Professional Education,The Teaching Profession,EASY,Jhera took the LET in March 2024 but did not pass. Is she eligible for the position of para-teacher?,"No, she must pass the examination first.","Yes, if her rating is not more than 15 percentage points below the passing general average rating.","Yes, if her rating is not more than 10 percentage points below the passing general average rating.","Yes, if her rating is not more than 5 percentage points below the passing general average rating.",D,The para-teacher provision allows a qualified examinee who did not pass the LET to serve under the specified rating condition. Choice D is correct because the source item identifies the five-percentage-point condition as the applicable threshold.,7PE-FULL-SET.docx
PROFESSIONAL_EDUCATION,Professional Education,The Teaching Profession,MODERATE,"Teacher Emil easily gets sick and, therefore, often gives his students seat work and activities instead of engaging in interactive discussions and thorough explanations of the lesson. As a result, his students receive poor ratings during the National Achievement Test. Which specific provision in the Code of Ethics for Professional Teachers did he violate?","In the interest of the State and of the Filipino people as much as of his own, every teacher shall be physically, mentally, and morally fit.","A teacher is a facilitator of learning and the development of youth; he shall, therefore, render the best service by providing an environment conducive to such learning and growth.",Every teacher shall possess and actualize a full commitment and devotion to duty.,Every teacher shall manifest genuine enthusiasm and pride in teaching as a noble calling.,C,The Code of Ethics requires teachers to fulfill their professional duties with commitment and devotion to teaching. Choice C is correct because Teacher Emil's repeated failure to provide adequate instruction despite his teaching responsibility is most directly related to the duty of commitment and devotion to duty.,7PE-FULL-SET.docx
PROFESSIONAL_EDUCATION,Professional Education,Social Dimensions of Education,MODERATE,The Education Act of 1982 categorically states that it is a teacher's ______ to refrain from making deductions in scholastic ratings for acts that are clearly manifestations of poor scholarship.,Right,Prerogative,Obligation,Responsibility,C,"An obligation is a duty that a person is required to perform under a rule, law, or professional responsibility. Choice C is correct because refraining from improper deductions in scholastic ratings is stated in the Education Act as something a teacher is required to do.",7PE-FULL-SET.docx
PROFESSIONAL_EDUCATION,Professional Education,Social Dimensions of Education,EASY,Which of the following are obligations of teachers?,"I. Accountable for the effective attainment of learning objectives II. Render reports on performance of learners III. Maintain and sustain professional growth IV. Advocate for political and governmental policies to improve public education V. Participate as an agent of social, moral, intellectual, and cultural change I, III, IV, V","I, II, III, V","II, III, IV","I, II, III, IV, V",B,"Teachers' professional obligations include responsibility for learning outcomes, reporting learner performance, maintaining professional growth, and serving as agents of social and cultural development. Choice B is correct because statements I, II, III, and V describe those professional obligations, while political advocacy is not presented as the general obligation in the item.",7PE-FULL-SET.docx
PROFESSIONAL_EDUCATION,Professional Education,Social Dimensions of Education,MODERATE,Batas Pambansa Blg. 232 provides a framework for establishing an integrated education system aligned with national development goals. It also declares the rights of the educational community. Who are considered part of the educational community?,"Parents, students, teachers, and school administrators","Schools, communities, non-teaching personnel, and teachers","Local Government Units (LGUs), students, parents, and NGOs","Teachers, NGOs, public schools, and private schools",A,"An educational community consists of the groups directly involved in and supporting the educational process. Choice A is correct because parents, students, teachers, and school administrators are the core members identified as participants in the educational community.",7PE-FULL-SET.docx
PROFESSIONAL_EDUCATION,Professional Education,Curriculum Development,EASY,Which of the following refers to the Republic Act that reforms the Philippine Basic Education System by enhancing its curriculum and extending the duration of basic education?,RA 10533,RA 9293,RA 10157,RA 10627,A,"RA 10533 is the Enhanced Basic Education Act of 2013, which strengthened the curriculum and extended basic education through the K to 12 program. Choice A is correct because RA 10533 directly describes the reform stated in the question.",7PE-FULL-SET.docx
PROFESSIONAL_EDUCATION,Professional Education,Curriculum Development,EASY,Which of the following ideals does NOT align with the foundational principles of the K to 12 curriculum?,The curriculum promotes both contextualization and global relevance.,The curriculum focuses primarily on subject matter expertise.,"The curriculum emphasizes inquiry-based, reflective, and collaborative learning.",The curriculum is aligned with the framework of Mother Tongue-Based Multilingual Education (MTB-MLE).,B,"The K to 12 curriculum emphasizes learner development, contextualization, inquiry, reflection, collaboration, and relevant competencies rather than narrow subject-matter mastery alone. Choice B is correct because saying the curriculum focuses primarily on subject matter expertise conflicts with its broader learner-centered orientation.",7PE-FULL-SET.docx
PROFESSIONAL_EDUCATION,Professional Education,Curriculum Development,MODERATE,"In the context of curriculum design, when instructional content is strategically distributed across different subject areas to ensure that no single discipline dominates and that each area receives appropriate attention, this characteristic of the curriculum is most accurately described as:",Sequenced,Integrated,Continuous,Balanced,D,A balanced curriculum distributes attention appropriately among different subject areas so that no discipline dominates unnecessarily. Choice D is correct because the situation describes equitable distribution of content across disciplines.,7PE-FULL-SET.docx
PROFESSIONAL_EDUCATION,Professional Education,Curriculum Development,MODERATE,"TPACK is a contemporary framework for teaching that emphasizes the integration of technology in facilitating teaching and learning. When applying the TPACK framework, what three critical questions should a teacher always consider?","I, II, and III","I, III, and IV",I and III only,"I, II, and IV",A,"TPACK connects content knowledge, pedagogical knowledge, and technological knowledge to guide effective technology integration. Choice A is correct because asking what to teach, how to teach it, and what technology can support the content and pedagogy addresses those three interacting areas.",7PE-FULL-SET.docx
PROFESSIONAL_EDUCATION,Professional Education,Professional Education Foundations,MODERATE,Which of the following best explains why elementary textbooks typically contain more illustrations compared to those at higher educational levels?,Secondary students are assumed to be more mature and capable of visualizing concepts independently without the need for illustrations.,"Visual stimuli are essential for motivating young learners, whereas older students are more self-motivated to engage with text alone.",Elementary pupils are less imaginative; they need more exposure.,Elementary pupils are slow in the reading process.,A,Younger learners generally benefit from concrete visual representations that support comprehension of concepts. Choice A is correct because the explanation recognizes that older learners are generally expected to have greater ability to visualize concepts independently.,7PE-FULL-SET.docx
PROFESSIONAL_EDUCATION,Professional Education,Professional Education Foundations,MODERATE,"After presenting a lesson on the principles of photosynthesis, you ask your students if there are any questions, but none are raised. What is the most appropriate conclusion to draw from this?",Your students did not understand the topic you discussed.,You need to ask specific questions to elicit responses.,Your students are not interested in the lesson.,You need to assess whether the students fully understood the material you presented.,D,The absence of questions does not by itself prove that learners understood a lesson. Choice D is correct because the teacher still needs evidence through assessment to determine whether students actually understood the photosynthesis lesson.,7PE-FULL-SET.docx
PROFESSIONAL_EDUCATION,Professional Education,Curriculum Development,MODERATE,"School curricula reflect the integration of the world’s economy, politics, and industrialization. Which aspect of curriculum development does this highlight?",The shift from process-oriented to product-oriented curriculum development.,The trend towards balancing globalization with localization in curriculum design.,"The return to classical, traditional approaches in curriculum development.","The movement towards more participatory, collaborative methods in curriculum design.",B,"Globalization and localization both influence curriculum because education must respond to international developments while remaining relevant to local contexts. Choice B is correct because integrating the world's economy, politics, and industrialization highlights the need to balance global influences with local needs.",7PE-FULL-SET.docx
PROFESSIONAL_EDUCATION,Professional Education,Curriculum Development,EASY,Which of the following statements about the subject-centered curriculum is NOT true?,The teacher has full control of classroom activities.,The curriculum focuses on the mastery of subject matter over the development of skills.,There is a high level of cooperative interaction among students.,Student interests and experiences are the primary considerations in designing the curriculum.,C,A subject-centered curriculum prioritizes organized subject matter and commonly gives the teacher substantial control over instruction. Choice C is correct because a high level of cooperative student interaction is more characteristic of learner- or experience-centered approaches than a strictly subject-centered curriculum.,7PE-FULL-SET.docx
PROFESSIONAL_EDUCATION,Professional Education,Professional Education Foundations,MODERATE,"Ms. Ortiz, a Science teacher, enriches the content of her lesson by identifying related concepts in Math. Which pattern of organizing subjects did Ms. Ortiz use?",Correlated,Broadfield,Core,Separate Subject,A,A correlated curriculum links related concepts from different subject areas while retaining the identity of each subject. Choice A is correct because Ms. Ortiz connects Science content with related Math concepts without merging the subjects into one broad field.,7PE-FULL-SET.docx
PROFESSIONAL_EDUCATION,Professional Education,Curriculum Development,MODERATE,"Teacher Lily believes that a subject-centered curriculum promotes the holistic development of the learner, as all subjects within it are aligned toward this goal. Is her belief about the subject-centered curriculum accurate?","Yes, because the subject-centered curriculum focuses on the learners' needs, interests, and abilities.","No, because it is the experience-centered curriculum, not the subject-centered curriculum, that emphasizes the teaching of facts and knowledge for future use.","Yes, because the subject-centered curriculum involves cooperative control.","No, because it is the experience-centered curriculum that emphasizes the integration of habits and skills in learning the knowledge components of subject areas.",D,A subject-centered curriculum organizes learning primarily around bodies of subject matter rather than making learner experience the central organizing principle. Choice D is correct because the statement correctly identifies experience-centered curriculum as emphasizing the integration of habits and skills through learner experience.,7PE-FULL-SET.docx
PROFESSIONAL_EDUCATION,Professional Education,Curriculum Development,MODERATE,"In the context of the K-12 Curriculum, what kind of Filipino learner is envisioned by the Department of Education (DepEd)?",A technologically literate and logistically capable Filipino.,A lifelong learner equipped with 21st-century skills.,A functionally literate and holistically developed Filipino.,A globally competitive yet nationally rooted Filipino.,C,"The K to 12 vision emphasizes learners who are functionally literate, holistically developed, and equipped for lifelong learning and contemporary demands. Choice C is correct because a functionally literate and holistically developed Filipino captures that broad developmental aim.",7PE-FULL-SET.docx
PROFESSIONAL_EDUCATION,Professional Education,Curriculum Development,DIFFICULT,"According to Kurt Lewin's Force Field Theory in curriculum change, when will change most likely occur?",When the Driving Forces are greater than the Restraining Forces.,When the Driving Forces are equal to the Restraining Forces.,When the Driving Forces are weaker than the Restraining Forces.,When the Restraining Forces neutralize the Driving Forces.,A,Lewin's Force Field Theory explains change as the result of the balance between driving forces and restraining forces. Choice A is correct because change becomes more likely when the forces pushing toward change are stronger than those resisting it.,7PE-FULL-SET.docx
PROFESSIONAL_EDUCATION,Professional Education,Professional Education Foundations,DIFFICULT,Which of the following is NOT acceptable?,Instruction should be flexible to address the needs of all learners.,Assessment establishes what is to be accomplished in teaching and learning.,Instruction requires teachers to use a variety of actions to accomplish a variety of functions.,Assessment should guide and improve teaching practices.,B,"Effective teaching requires flexible instruction, varied teacher actions, and assessment that informs improvement. Choice B is correct because assessment does not establish the teaching-learning goal itself; objectives and intended outcomes provide that direction, while assessment provides evidence of achievement.",7PE-FULL-SET.docx
PROFESSIONAL_EDUCATION,Professional Education,Curriculum Development,MODERATE,What type of curriculum change is being described in the following scenario?,"""The principal, together with the teachers, agreed to shorten the time schedule by ten minutes for every subject to provide a common preparation time for the year-end Division Tests."" Perturbation",Alteration,Restructuring,Substitution,A,Perturbation refers to a relatively minor adjustment or modification within an existing curriculum structure. Choice A is correct because shortening each subject period by ten minutes changes an existing arrangement without replacing the whole curriculum structure.,7PE-FULL-SET.docx
PROFESSIONAL_EDUCATION,Professional Education,Curriculum Development,EASY,Which characteristic of a good curriculum emphasizes the psychological nature of the learner?,Provisions are made for the smooth transition and continued achievement of students.,Curriculum plans that span several years are developed vertically.,Classroom practices address the maturity and learning challenges of each student.,Collaborative planning and teaching allow for the exchange of information about students' learning.,C,"A psychologically sound curriculum considers learners' maturity, readiness, developmental characteristics, and individual learning challenges. Choice C is correct because addressing each student's maturity and learning challenges directly reflects attention to the psychological nature of the learner.",7PE-FULL-SET.docx
PROFESSIONAL_EDUCATION,Professional Education,Principles of Teaching,MODERATE,Teacher Harold aims to create a more dynamic and engaging classroom environment. Which of the following teaching approaches is most likely to encourage active student interaction and participation?,Conceptual lesson,Direct instruction,Expository teaching,Inquiry-based lesson,D,"Inquiry-based learning encourages learners to ask questions, investigate, explore evidence, and actively construct understanding. Choice D is correct because an inquiry-based lesson is specifically designed to increase learner interaction and participation.",7PE-FULL-SET.docx
PROFESSIONAL_EDUCATION,Professional Education,Classroom Management,MODERATE,"In the subcategories of movement behavior, what term best describes the situation when a teacher ends an activity abruptly?",Thrust,Truncation,Disruption,Interruption,B,"Truncation in movement behavior refers to abruptly cutting short or ending an ongoing activity. Choice B is correct because the teacher ends the activity abruptly, which directly describes truncation.",7PE-FULL-SET.docx
PROFESSIONAL_EDUCATION,Professional Education,Assessment of Learning,MODERATE,"Teacher K is seeking to understand the nature of alternative assessments and consults Teacher M, who explains that alternative assessments involve non-traditional methods, such as portfolio assessments. Is Teacher M correct?",Teacher M is correct because portfolio assessments are a form of non-traditional assessment.,Teacher M is incorrect because alternative assessment strictly refers to the use of self-assessments rather than portfolios.,Teacher M is correct because alternative assessment and traditional assessment are the same.,Teacher M is incorrect because alternative assessment excludes performance-based tasks like portfolios.,A,"Alternative assessment uses methods other than conventional selected-response testing, including portfolios and performance-based evidence. Choice A is correct because a portfolio is a recognized non-traditional way of documenting and evaluating learning.",7PE-FULL-SET.docx
PROFESSIONAL_EDUCATION,Professional Education,Professional Education Foundations,MODERATE,"Mr. Arevalo tasked his students in his Understanding Culture, Society, and Politics class to write an essay about their roles as agents of social, cultural, and political change in the country. To assess their essays, he intends to evaluate specific aspects separately, such as content, organization, stance, support, and grammar. Which type of rubric is most appropriate for his purpose?",Analytic,General,Holistic,Task-specific,A,"An analytic rubric scores separate dimensions of performance using distinct criteria. Choice A is correct because Mr. Arevalo wants to assess content, organization, stance, support, and grammar separately.",7PE-FULL-SET.docx
PROFESSIONAL_EDUCATION,Professional Education,Assessment of Learning,EASY,"According to Bloom's Taxonomy, which of the following represents the highest level of cognitive complexity?",Integration,Critical comprehension,Critical evaluation,Literal comprehension,C,"Critical evaluation requires judging information, claims, or alternatives using criteria and evidence and represents a highly complex form of thinking. Choice C is correct because critical evaluation is the highest-level cognitive process among the choices presented.",7PE-FULL-SET.docx
PROFESSIONAL_EDUCATION,Professional Education,Child and Adolescent Development,EASY,"According to Havighurst’s theory, what are the consequences of failing to achieve developmental tasks?",I. Difficulty with later developmental tasks II. Unhappiness in the individual III. Disapproval by society I only,II only,II and III,"I, II, and III",D,"Havighurst proposed that successfully completing developmental tasks supports later adjustment, while failure can create difficulty with later tasks, unhappiness, and social disapproval. Choice D is correct because all three listed consequences are included in the theory.",7PE-FULL-SET.docx
PROFESSIONAL_EDUCATION,Professional Education,Child and Adolescent Development,MODERATE,"Michelle is committed to dedicating her life to the teaching profession. When considering extrinsic motivation in the context of her choice, which of the following represents the noblest reason for her pursuit of teaching?",Economic security and welfare,Respected position in society,Promise of higher rank and prestige,Social service to upcoming generations,B,"Extrinsic motivation comes from external rewards or social outcomes rather than the inherent satisfaction of the activity itself. Choice B is correct because a respected social position is an external social reward, making it an extrinsic motive in the context of the question.",7PE-FULL-SET.docx
PROFESSIONAL_EDUCATION,Professional Education,Child and Adolescent Development,MODERATE,Which of the following statements best describes the relationship between the stages of human development?,"The stages of human development are interconnected, with each stage influencing the next.",The stages of human development are completely independent of one another.,Each developmental stage has no influence on any other stage of human life.,Biological processes and cognitive processes do not interact with each other in human development.,A,"Development is continuous and interconnected, with experiences and changes in one period influencing later development. Choice A is correct because it recognizes that developmental stages are related rather than isolated events.",7PE-FULL-SET.docx
PROFESSIONAL_EDUCATION,Professional Education,Child and Adolescent Development,DIFFICULT,Ruben is working on enhancing his metacognitive skills. Which of the following is least likely to contribute to his development of metacognition?,Learning how to study,Accepting new knowledge,Assessing one's own thinking,Learning to organize thoughts,B,"Metacognition involves awareness and regulation of one's own thinking, including planning, monitoring, and evaluating cognitive processes. Choice B is correct because simply accepting new knowledge does not necessarily require awareness or regulation of one's own thinking.",7PE-FULL-SET.docx
PROFESSIONAL_EDUCATION,Professional Education,Child and Adolescent Development,EASY,Which of the following best explains the basis of an individual’s self-worth according to the social comparison theory?,Their self-assessment in relation to others,Their fulfillment of personal dreams and aspirations,Their personal achievements and milestones,Their financial status and wealth accumulation,A,Social comparison theory explains self-evaluation partly through comparing one's abilities or characteristics with those of other people. Choice A is correct because self-assessment in relation to others is the basis identified in the question.,7PE-FULL-SET.docx
PROFESSIONAL_EDUCATION,Professional Education,Child and Adolescent Development,MODERATE,Which of the following best describes puberty?,It is synonymous with adolescence.,It occurs earlier for boys than for girls.,It is the stage of physical and hormonal changes leading to sexual maturity.,It is characterized by a growth spurt of 1-2 years during which boys are typically taller than girls.,C,Puberty is a period of biological and hormonal changes that lead to sexual maturation and reproductive capability. Choice C is correct because it directly describes the physical and hormonal transformation occurring during puberty.,7PE-FULL-SET.docx
PROFESSIONAL_EDUCATION,Professional Education,Child and Adolescent Development,MODERATE,Which of the following is the most appropriate approach for learners in Piaget’s concrete operational stage?,Ask the learners to reason through abstract concepts without concrete examples.,Ask the learners to reason about materials and situations that are physically present.,Ask the learners to engage in hypothetical problem-solving tasks.,Ask the learners to follow complex arguments unrelated to their tangible experiences.,B,Concrete operational learners reason more effectively about tangible objects and observable situations than purely abstract ones. Choice B is correct because asking learners to reason about materials and situations that are physically present matches the developmental characteristics of this stage.,7PE-FULL-SET.docx
PROFESSIONAL_EDUCATION,Professional Education,Child and Adolescent Development,EASY,Which statement best explains the interaction between heredity and environment in determining an individual's height?,"Heredity is the primary influence, with the environment affecting development only in severe situations.",Both heredity and environment contribute equally to the development of an individual's height.,"Environmental factors are the primary determinants of height, with heredity playing a minor role.","Heredity sets the potential for height, the environment affects whether and to what extent this potential is achieved.",D,"Heredity provides biological potential, while environmental conditions influence how much of that potential is expressed. Choice D is correct because height illustrates the interaction between genetic potential and environmental influences such as nutrition and health.",7PE-FULL-SET.docx
PROFESSIONAL_EDUCATION,Professional Education,Child and Adolescent Development,DIFFICULT,"Which of the following is NOT one of the characteristics of human development from a life-span perspective, according to Paul Baltes?",Development is relatively orderly.,Development is multidimensional.,Development declines uniformly.,Development is plastic.,C,Baltes' lifespan perspective views development as multidirectional and involving gains and losses rather than a uniform decline. Choice C is correct because saying development declines uniformly contradicts the lifespan principle that development changes in different directions across life.,7PE-FULL-SET.docx
PROFESSIONAL_EDUCATION,Professional Education,Child and Adolescent Development,MODERATE,"Kevin, a twelve-year-old boy, resides in a country where the government has very low standards for public education. As a result, he struggles with basic literacy. Which level of Bronfenbrenner’s ecological systems theory would best explain the influence of the public policies affecting Kevin’s educational experience?",Chronosystem,Macrosystem,Mesosystem,Microsystem,B,"The macrosystem consists of broad cultural, political, economic, and societal conditions that influence development. Choice B is correct because national government standards for public education are part of the wider social system affecting Kevin's educational environment.",7PE-FULL-SET.docx
PROFESSIONAL_EDUCATION,Professional Education,Principles of Teaching,MODERATE,"Which role does the teacher fulfill to ensure the learner, as the center of the educative process, achieves the desired outcomes?",Learning process,Learning activities,Learning package,Learning opportunities,D,A teacher acts as a provider and facilitator of learning opportunities so learners can reach intended outcomes. Choice D is correct because creating appropriate learning opportunities supports the learner-centered role described in the question.,7PE-FULL-SET.docx
PROFESSIONAL_EDUCATION,Professional Education,Child and Adolescent Development,MODERATE,"Which of the following best describes inductive reasoning, a cognitive process that typically develops during childhood?","""Bottom-up processing""",Concrete reasoning,"""Top-down processing""",Abstract reasoning,A,Bottom-up processing builds understanding from basic details or specific information toward broader patterns or conclusions. Choice A is correct because inductive reasoning begins with particular observations and develops a general conclusion from them.,7PE-FULL-SET.docx
PROFESSIONAL_EDUCATION,Professional Education,Learning Theories and Principles,MODERATE,"Mr. Sanchez, in planning his lessons, aims to apply Lev Vygotsky’s theory of the “zone of proximal development” to better support his students' learning. Based on this theory, which instructional strategy would be most effective for Lea, a 13-year-old girl who is ready to move beyond her current skills but requires guidance to reach the next level of learning?",Allowing Lea to work independently in a quiet setting with reference materials suited to her grade level.,Providing ample opportunities for practice to reinforce skills and concepts that Lea has already mastered.,Pairing Lea with a peer whose skills and understanding are just slightly more advanced.,Encouraging Lea to use manipulatives and readily available technology for hands-on learning activities.,C,Vygotsky's ZPD is the range between what a learner can do independently and what the learner can do with appropriate assistance. Choice C is correct because pairing Lea with a slightly more capable peer provides the social support needed to perform tasks just beyond her independent level.,7PE-FULL-SET.docx
PROFESSIONAL_EDUCATION,Professional Education,Child and Adolescent Development,MODERATE,"A student struggles to decode words, often confusing similar-looking letters and sounds. Which of the following learning difficulties is most likely affecting the student?",Dyslexia,Auditory processing disorder,Dyscalculia,Dysgraphia,A,"Dyslexia is a learning difficulty involving persistent problems with accurate and fluent word reading, decoding, and sound-letter processing. Choice A is correct because confusing letters and sounds while struggling to decode words matches the characteristics described.",7PE-FULL-SET.docx
PROFESSIONAL_EDUCATION,Professional Education,Child and Adolescent Development,MODERATE,"During snack time in the school canteen, Teacher Maria divided a large bowl of cereal equally among 5 students. She had 4 regular bowls, but for the 5th student, she used a taller but narrower bowl that had the same volume as the others. After serving the cereal, all five students preferred the taller, narrower bowl. How can this preference be explained using Piaget's theory?",They do not recognize that the quantity of cereal remains the same despite the change in the bowl’s shape.,They believe that others perceive the world exactly as they do.,"They focus primarily on their own perspective, disregarding others' views.","They are certain that their understanding is always correct, without considering alternative viewpoints.",A,Conservation of quantity means recognizing that the amount remains constant despite changes in shape or container. Choice A is correct because failing to recognize that the same cereal quantity remains unchanged after being placed in a taller bowl demonstrates a lack of conservation.,7PE-FULL-SET.docx
PROFESSIONAL_EDUCATION,Professional Education,Child and Adolescent Development,MODERATE,"Which of the following best explains the fantasy expressed by a little girl who wishes for her mother to go on vacation so she can marry her father, according to Freud's theory?",Oedipus complex,Electra complex,Theory of mind,Crisis of guilt,B,The Electra complex is the Freudian term traditionally used for a girl's unconscious attachment to her father accompanied by rivalry with her mother. Choice B is correct because the girl's fantasy of marrying her father and wanting her mother away reflects this concept.,7PE-FULL-SET.docx
PROFESSIONAL_EDUCATION,Professional Education,Child and Adolescent Development,MODERATE,Which of the following best reflects the principle that individual variation characterizes children’s development in developmentally appropriate education?,Compare learners with one another to determine who is best.,Allow learners to compare themselves with others to improve their performance.,Allow learners to progress at their own pace without comparing them to others.,Group learners according to their performance and organize a contest among the groups.,C,"Developmentally appropriate education recognizes that children differ in pace, interests, abilities, and developmental patterns. Choice C is correct because allowing learners to progress at their own pace respects individual variation instead of forcing identical developmental timing.",7PE-FULL-SET.docx
PROFESSIONAL_EDUCATION,Professional Education,Child and Adolescent Development,MODERATE,"Xian, a six-year-old boy, enjoys playing with his friends but becomes easily frustrated and angry when he is defeated. Based on Piaget's theory of cognitive development, which developmental stage best explains Xian’s behavior?",Concrete operational,Sensorimotor,Formal operational,Preoperational,D,"Piaget's preoperational stage generally covers early childhood and is characterized by symbolic thinking, developing language, and limitations in logical operations. Choice D is correct because a six-year-old is typically within the preoperational period described in the question.",7PE-FULL-SET.docx
PROFESSIONAL_EDUCATION,Professional Education,Child and Adolescent Development,EASY,Which of the following principles best supports the growing recognition of the importance of early childhood education?,Children exhibit a wide range of abilities and potential from an early age.,The first five years of life are the formative years of the child.,Early childhood experiences provide opportunities that are both stimulating and engaging.,The child should be seen and should learn.,D,Early childhood education recognizes that young children have a right to opportunities for learning and development during the earliest years. Choice D is correct because the principle that the child should be seen and should learn expresses the recognition of early childhood as an important educational period.,7PE-FULL-SET.docx
PROFESSIONAL_EDUCATION,Professional Education,Child and Adolescent Development,EASY,Which of the following best characterizes Erikson’s psychosocial theory of human development?,Eight crises that individuals are believed to face throughout their lifespan.,Four psychosocial stages occurring primarily during the latency period.,"A series of stages similar to Sigmund Freud’s, with distinct naming conventions.",A non-psychoanalytic stage theory of human development.,A,"Erikson's theory describes eight psychosocial stages, each involving a developmental crisis that must be addressed. Choice A is correct because it identifies the eight-stage, lifespan structure of Erikson's psychosocial theory.",7PE-FULL-SET.docx
PROFESSIONAL_EDUCATION,Professional Education,Professional Education Foundations,MODERATE,Which of the following theorists proposed that individuals encounter a unique psychosocial crisis at each stage of their life?,James Coleman,Lawrence Kohlberg,Erik Erikson,Sigmund Freud,C,"Erik Erikson developed the psychosocial theory of human development, which describes developmental crises across the lifespan. Choice C is correct because Erikson is the theorist associated with these psychosocial stages.",7PE-FULL-SET.docx
PROFESSIONAL_EDUCATION,Professional Education,Child and Adolescent Development,MODERATE,"You are trying to explain something to a child, and even though it seems obvious to you, the child just doesn’t seem to understand. Or the child repeats the same mistake, and you get frustrated. Based on Piaget’s theory of cognitive development, what could this behavior indicate?",The child is being intentionally disruptive and needs to be reprimanded.,The child may be in a cognitive developmental stage where they lack the ability to fully grasp abstract concepts.,"The child’s actions suggest a deficiency in their IQ, which may require intervention.","The child’s behavior implies that they are choosing not to understand, requiring more direct explanation.",B,"Children's reasoning changes as their cognitive structures develop, and some children may not yet be ready to understand abstract relationships. Choice B is correct because the child's difficulty may reflect a developmental stage in which abstract concepts are not yet fully accessible.",7PE-FULL-SET.docx
PROFESSIONAL_EDUCATION,Professional Education,Inclusive Education,EASY,Which of the following best reflects the DepEd’s response to the call for inclusive education in the Philippines?,Including learners with disabilities in regular classrooms alongside their peers,Expanding the number of Special Education (SPED) centers nationwide,"Grouping all learners with disabilities in a single, separate classroom",Implementing team teaching strategies across all classrooms,A,Inclusive education seeks to educate learners with disabilities alongside peers in regular learning environments with appropriate support. Choice A is correct because including learners with disabilities in regular classrooms directly represents the inclusive-education approach.,7PE-FULL-SET.docx
PROFESSIONAL_EDUCATION,Professional Education,Professional Education Foundations,EASY,Which of the following correctly lists the sequence of prenatal stages of development?,"Embryo, germinal, fetus","Germinal, fetus, embryo","Germinal, embryo, fetus","Embryo, fetus, germinal",C,"Prenatal development is conventionally described in three stages: germinal, embryonic, and fetal. Choice C is correct because it presents those stages in the correct developmental sequence.",7PE-FULL-SET.docx
PROFESSIONAL_EDUCATION,Professional Education,Professional Education Foundations,MODERATE,"Teacher Maureen takes into account the family backgrounds of her students as part of her approach to better understand their behaviors, needs, and learning styles. Which learning principle is she applying in this case?",Maturation influences certain types of learning.,Development rates vary significantly across different individuals and contexts.,Each developmental stage has distinct traits.,Development results from heredity and environmental interaction.,D,Development results from the interaction of inherited characteristics and environmental experiences rather than from either factor alone. Choice D is correct because considering students' family backgrounds recognizes the influence of environmental conditions on development and learning.,7PE-FULL-SET.docx
PROFESSIONAL_EDUCATION,Professional Education,Learning Theories and Principles,MODERATE,"What stage in Vygotsky's theory has a four-year-old learner, like Maryann, reached when she is able to group objects by shape and color with minimal assistance from an adult or peer?",Development,Zone of Proximal Development,Learning,Maturation,B,"The Zone of Proximal Development describes what a learner can accomplish with appropriate assistance beyond what the learner can do independently. Choice B is correct because Maryann can group objects with minimal adult assistance, placing the task within her supported learning range.",7PE-FULL-SET.docx
PROFESSIONAL_EDUCATION,Professional Education,Professional Education Foundations,EASY,Why is understanding life stages critical in child and adolescent development?,They signify the outcome of significant biological changes.,They offer insights into cultural values and aspirations.,They outline developmental tasks essential for growth and learning.,They correspond precisely with specific chronological ages.,C,"Developmental life stages identify major patterns, changes, and developmental tasks that occur as people mature. Choice C is correct because understanding these stages helps educators recognize the tasks learners face and provide developmentally appropriate support.",7PE-FULL-SET.docx
PROFESSIONAL_EDUCATION,Professional Education,Child and Adolescent Development,EASY,Mr. Francisco is concerned about his infant son's thumb-sucking habit. A friend reassures him that such behavior is typical for infants and is considered a normal developmental stage. Which theorist emphasized that such behaviors are part of psychosexual development in early childhood?,Sigmund Freud,Erik Erikson,John Bowlby,Urie Bronfenbrenner,A,"Freud's psychosexual theory includes the oral stage, during which infants derive gratification through the mouth and oral activities. Choice A is correct because thumb-sucking is an oral behavior and is therefore associated with Freud's oral stage.",7PE-FULL-SET.docx
PROFESSIONAL_EDUCATION,Professional Education,Professional Education Foundations,MODERATE,Which situation best illustrates the concept of growth?,A high school student achieves a score of 85 on a mental ability test,A kindergarten pupil increases his weight by 2 pounds over two months.,A teacher education student acquires knowledge about teaching strategies for various subjects.,An elementary school student learns to play the piano.,B,"Growth refers to measurable physical or quantitative changes in the body, such as increases in weight or height. Choice B is correct because a two-pound increase in a kindergarten pupil's weight is a direct measurable physical change.",7PE-FULL-SET.docx
PROFESSIONAL_EDUCATION,Professional Education,Educational Technology,DIFFICULT,Which of the following is NOT one of the three fundamental elements of ICT integration as identified by Wang (2008)?,Pedagogical,Technological,Educational software,Social interaction,C,ICT integration requires more than simply having software; it involves appropriate technological use within teaching and learning. Choice C is correct because educational software is not one of the three fundamental elements identified by Wang in the source item.,7PE-FULL-SET.docx
PROFESSIONAL_EDUCATION,Professional Education,Assessment of Learning,EASY,Which of the following statements is INCORRECT about using an ePortfolio for assessing student learning?,An ePortfolio contains students’ reflections that discuss how they accomplished tasks and what they learned from the lesson.,"While challenging, students can showcase their work in progress, from initial attempts to the final product.","An ePortfolio is similar to a physical portfolio, as it contains essentially the same required outputs, but digital materials are easily uploaded on the former platform.","Although it contains evidence of students’ work and documentation of their outputs, it may be limited to examination or quiz results.",D,An ePortfolio is a purposeful digital collection of learner evidence that can document performance and growth across different forms of work. Choice D is correct because limiting an ePortfolio to examination or quiz results contradicts its broader purpose of collecting varied evidence of learning.,7PE-FULL-SET.docx
PROFESSIONAL_EDUCATION,Professional Education,Professional Education Foundations,EASY,Which of the following does NOT refer to PPST Domain 3: Pedagogy?,Develop digital learning resources to enhance teaching-learning,Apply relevant technology tools for classroom activities,Use ICT knowledge to solve complex problems and support student collaborative activities,Model collaborative knowledge construction in the face-to-face and virtual environments,A,"PPST Domain 3, Pedagogy, concerns teaching practices that support effective learning, including appropriate methods, strategies, and assessment-related practice. Choice A is correct because developing digital learning resources is not itself the defining description of the pedagogy domain in the source item.",7PE-FULL-SET.docx
PROFESSIONAL_EDUCATION,Professional Education,Educational Technology,DIFFICULT,Which of the following is NOT a domain in Educational Technology?,Technology as a tutor,Technology as a teaching tool,Technology as a research tool,Technology as a learning tool,A,Educational technology domains describe recognized ways technology functions in teaching and learning. Choice A is correct according to the source because 'technology as a tutor' is the option identified as outside the three-domain classification being tested.,7PE-FULL-SET.docx
PROFESSIONAL_EDUCATION,Professional Education,Professional Education Foundations,MODERATE,"In the delivery of distance education, which computer application is designed to organize instructional content and track student records and progress?",Computer-based Multimedia,Computer-assisted Instruction,Computer-mediated Education,Computer-managed Instruction,B,Computer-assisted instruction uses computer applications to deliver or support instruction and can record learner progress. Choice B is correct because the described distance-education application organizes instructional content and tracks learner records and progress.,7PE-FULL-SET.docx
PROFESSIONAL_EDUCATION,Professional Education,Educational Technology,EASY,Feedback is essential for effective teaching. Which educational technology best facilitates person-to-person feedback?,World Wide Web,Electronic Mail,Computer-Assisted Instruction,Lecturette,B,Electronic mail enables direct person-to-person communication and can carry feedback between teacher and learner asynchronously. Choice B is correct because email is specifically designed for individual electronic communication and feedback.,7PE-FULL-SET.docx
PROFESSIONAL_EDUCATION,Professional Education,Professional Education Foundations,MODERATE,"During a biology class, Ms. Ramirez instructs her students to look up information on the latest advancements in genetic engineering using the internet. Each student accesses a variety of educational websites and online journals through their devices during the lesson to gather relevant information and enhance their understanding. This scenario best illustrates:",Offline Resource Utilization,ICT Equipment Dependence,Digital Literacy Proficiency,Web Access Ability,D,Web access ability refers to the capacity to access information and resources through the internet. Choice D is correct because the biology activity specifically requires each student to use the internet to obtain current information about genetic engineering.,7PE-FULL-SET.docx
PROFESSIONAL_EDUCATION,Professional Education,Professional Education Foundations,EASY,"After Ms. Rivas has planned her English lesson, she discovers that the materials available do not align with her objectives. What is the best course of action she should take?",Modify the available materials,Teach the lesson the following day,Adjust the objectives to align with the available materials,Proceed with the lesson as planned and use the materials at hand,A,Instructional materials should be adapted when they do not adequately support the intended learning outcomes. Choice A is correct because modifying available materials allows the teacher to bring them into alignment with the lesson objectives instead of allowing the materials to determine the lesson.,7PE-FULL-SET.docx
PROFESSIONAL_EDUCATION,Professional Education,Professional Education Foundations,MODERATE,Which principle in the use of non-conventional technology is violated if I choose computer-assisted instruction as a teaching strategy?,Frequent feedback,Active engagement,Frequent human interaction,Connection to real-world experts,C,Computer-assisted instruction can deliver programmed content and feedback but can reduce direct human interaction when used as the primary instructional approach. Choice C is correct because the use of CAI in this context conflicts with the principle emphasizing frequent human interaction.,7PE-FULL-SET.docx
PROFESSIONAL_EDUCATION,Professional Education,Professional Education Foundations,MODERATE,Which of the following best describes Goal 4 of the United Nations Sustainable Development Goals (SDGs)?,It focuses on ensuring quality education through the integration of technology and digital literacy.,It emphasizes the need for education on climate change and environmental sustainability.,Improving education systems worldwide through impeding access to technological resources and digital tools.,It prioritizes the elimination of illiteracy by providing basic education in all regions.,A,"SDG 4 focuses on ensuring inclusive and equitable quality education and promoting lifelong learning opportunities for all. Choice A is the source-keyed answer because it connects quality education with technology and digital literacy, although SDG 4 itself is broader than technology alone.",7PE-FULL-SET.docx
PROFESSIONAL_EDUCATION,Professional Education,Educational Technology,EASY,Which of the following are the most important concerns regarding the use of ICT in instruction?,I. Developing appropriate curriculum materials that allow students to construct meaning and develop knowledge through the use of ICT. II. Devising strategies to meaningfully integrate technology into the curriculum. III. Using pedagogical skills related to technology. IV. Providing teachers with skills for using software applications. I and III,"I, III, and IV","II, III, and IV","I, II, III, and IV",D,"Effective ICT integration involves appropriate learning materials, meaningful curriculum integration, technology-related pedagogy, and teacher competence with digital tools. Choice D is correct because all four statements describe important concerns when technology is integrated into instruction.",7PE-FULL-SET.docx
PROFESSIONAL_EDUCATION,Professional Education,Professional Education Foundations,MODERATE,Which of the following statements best describes the primary goal of the DepEd Computerization Program (DCP)?,The DCP aims to provide private schools with computers and ICT equipment for student use.,The DCP aims to provide public schools with computer laboratories and ICT equipment to enhance students' learning experiences.,The DCP’s main objective is to develop a nationwide online learning system for all students.,The DCP intends to supply schools with computers for teachers to help them manage classroom activities and lesson planning.,B,The DepEd Computerization Program is intended to equip public schools with ICT resources that support teaching and learning. Choice B is correct because it specifically identifies public schools and the provision of computer laboratories and ICT equipment.,7PE-FULL-SET.docx
PROFESSIONAL_EDUCATION,Professional Education,Professional Education Foundations,MODERATE,"Applying the principle ""the more senses that are involved, the more effective the learning becomes,"" which instructional technology should be utilized?",Field trips,Workbooks,Video presentations,Dramatization,A,"Field trips expose learners to real environments and can engage sight, hearing, movement, and other senses simultaneously. Choice A is correct because the multisensory principle is strongly supported by direct exposure to authentic environments during field trips.",7PE-FULL-SET.docx
PROFESSIONAL_EDUCATION,Professional Education,Educational Technology,EASY,Which of the following concepts is NOT complementary to blended learning?,Personalized learning,Cyber or online-only schooling,Collaborative learning,Customized learning,C,"Blended learning combines face-to-face instruction with online or digital learning experiences rather than replacing classroom learning entirely. Choice C is correct because collaborative learning is compatible with blended learning, so it is not the non-complementary concept identified by the source key.",7PE-FULL-SET.docx
PROFESSIONAL_EDUCATION,Professional Education,Educational Technology,EASY,Why is the use of computers becoming more widespread in schools today?,They enhance efficiency and productivity in learning.,They are considered the most effective form of educational technology.,Students now have access to computers both at school and at home.,They can be operated by anyone without the need for formal training.,A,"Computers support rapid access to information, communication, productivity, practice, creation, and other learning activities. Choice A is correct because these capabilities help make educational work more efficient and productive.",7PE-FULL-SET.docx
PROFESSIONAL_EDUCATION,Professional Education,Classroom Management,MODERATE,"Jacob Kunin asserts that one of the characteristics of an effective manager is ""with-it-ness."" Which principle serves as the basis of with-it-ness?",Have minds packed with intellect and alertness,Have eyes at the back of one's head,Maintain constant communication with team members,Be proactive in addressing student needs,B,Kounin's 'with-it-ness' means that a teacher appears aware of what is happening throughout the classroom and detects problems quickly. Choice B is correct because the phrase 'have eyes at the back of one's head' captures this continuous awareness metaphorically.,7PE-FULL-SET.docx
PROFESSIONAL_EDUCATION,Professional Education,Principles of Teaching,MODERATE,Which teaching method helps learners draw generalizations from a discipline with the aim of applying them to similar situations in the future?,Process approach,Problem-solving approach,Discovery approach,Conceptual approach,A,The process approach emphasizes the processes used within a discipline and helps learners understand how conclusions or generalizations are developed. Choice A is correct because the item describes drawing generalizations from a discipline for application to similar situations.,7PE-FULL-SET.docx
PROFESSIONAL_EDUCATION,Professional Education,Educational Research,MODERATE,"Through action research, teachers engage in continuous self-reflection and evaluation of their practices, leading to increased awareness of their teaching methods and greater openness to innovation. Which action research process best describes this approach?",Inquiry,Pragmatism,Reflection,Collaboration,C,"Reflection in action research involves systematically examining one's own practice, interpreting what happened, and using the insights to improve future action. Choice C is correct because continuous self-reflection and evaluation of teaching practice are the defining features described in the scenario.",7PE-FULL-SET.docx
PROFESSIONAL_EDUCATION,Professional Education,Educational Research,MODERATE,"In a study to determine the effect of different teaching methods on student performance, three groups of students were taught using distinct approaches: traditional lecture-based teaching, project-based learning, and flipped classroom. After one month, the students were given the same standardized test to measure their academic performance. Which of the following is the dependent variable in this study?",Teaching method,Group of students,Duration of the study,Academic performance,D,The dependent variable is the outcome that researchers measure to determine whether it changes in response to the independent variable. Choice D is correct because academic performance is measured after the different teaching methods are applied.,7PE-FULL-SET.docx
PROFESSIONAL_EDUCATION,Professional Education,Educational Research,EASY,Which of the following refers to published writings and reports that critique or summarize primary sources and can be found in periodicals and reference books?,Secondary sources,Tertiary sources,Primary sources,Non-documentary,A,"Secondary sources analyze, interpret, critique, or summarize information from primary sources. Choice A is correct because published writings and reports that critique or summarize primary materials fit the definition of secondary sources.",7PE-FULL-SET.docx
PROFESSIONAL_EDUCATION,Professional Education,Professional Education Foundations,MODERATE,"Which research method involves an in-depth study of naturally occurring behavior within a specific culture or social group, conducted in a natural setting through direct observation and participation?",Case study,Ethnography,Experimental research,Survey research,B,"Ethnography is a qualitative research approach that studies the behaviors, practices, beliefs, and culture of a social group in its natural setting, often through observation and participation. Choice B is correct because the question describes precisely this type of cultural and natural-setting investigation.",7PE-FULL-SET.docx
PROFESSIONAL_EDUCATION,Professional Education,Educational Research,DIFFICULT,"Mrs. Pelaez, a Division Schools Superintendent, aims to assess the mathematics performance of students across her division. She intends to identify the least mastered competencies in order to develop targeted interventions. Which type of action research best aligns with Mrs. Pelaez’s objective?",Classroom action research,Departmental action research,District-wide action research,School action research,C,District-wide action research addresses a problem or need across an entire school district or division rather than within only one classroom or school. Choice C is correct because Mrs. Pelaez intends to examine mathematics performance across her division.,7PE-FULL-SET.docx
PROFESSIONAL_EDUCATION,Professional Education,Educational Research,EASY,"Which of the following ethical concerns is best illustrated by the principle of ""giving credit where credit is due""?",Informed consent,Right to full disclosure,Non-maleficence and beneficence,Justice and fairness,D,Giving credit where credit is due means recognizing the contributions and work of others fairly and avoiding misappropriation of their work. Choice D is correct because this principle is concerned with fairness and proper acknowledgment of contributions.,7PE-FULL-SET.docx
PROFESSIONAL_EDUCATION,Professional Education,Educational Research,EASY,Which of the following is a fundamental question to consider when developing a research title?,Do they meet basic questions asked?,How can a topic be formulated into a research title?,What are the factors that affect the skills of teachers?,Does the title describe what the study is all about?,D,A good research title should accurately communicate the subject and scope of the study. Choice D is correct because asking whether the title describes what the study is about directly checks whether the title represents the research accurately.,7PE-FULL-SET.docx
PROFESSIONAL_EDUCATION,Professional Education,Professional Education Foundations,MODERATE,"Which type of research aims to refine and clarify existing questions, setting the foundation for future studies to address them more precisely?",Exploratory,Descriptive,Explanatory,Combination,A,Exploratory research is used when a topic or problem needs clarification and initial investigation before more precise questions or studies can be developed. Choice A is correct because the item describes research that refines and clarifies questions for future investigation.,7PE-FULL-SET.docx
PROFESSIONAL_EDUCATION,Professional Education,Educational Research,EASY,Why is action research essential in the field of education?,To contribute to the ongoing development of educational theories,To enhance personal recognition and career advancement,To comply with institutional or departmental mandates,To improve instructional effectiveness through continuous reflection,D,Action research is conducted to solve practical problems and improve professional practice through systematic inquiry and reflection. Choice D is correct because improving instructional effectiveness through continuous reflection directly expresses this purpose.,7PE-FULL-SET.docx
PROFESSIONAL_EDUCATION,Professional Education,Educational Research,DIFFICULT,Which of the following best describes the Principle of Triangulation in research?,The employment of various data sources to ensure trustworthiness,The use of statistical techniques to analyze data consistency,The combination of multiple methods and tools to validate results,The integration of subjective and objective data for comprehensive analysis,A,"Triangulation strengthens trustworthiness by examining evidence from more than one source, method, or perspective. Choice A is correct because using various data sources allows researchers to compare evidence and strengthen confidence in their interpretation.",7PE-FULL-SET.docx
PROFESSIONAL_EDUCATION,Professional Education,Educational Research,MODERATE,"A school principal identifies a recurring issue with low student attendance rates. To address this, the principal collects data on various factors such as family involvement, student motivation, and school environment. After analyzing the data, the principal makes recommendations to improve attendance, including increasing parent engagement and revising school policies. Which variety of action research does this scenario best represent?",Diagnostic,Participatory,Empirical,Experimental,B,"Participatory action research involves stakeholders in identifying a problem, gathering information, analyzing it, and contributing to decisions for change. Choice B is correct because the scenario emphasizes collecting information about the attendance problem and involving the school community in improving the situation.",7PE-FULL-SET.docx
PROFESSIONAL_EDUCATION,Professional Education,Educational Research,DIFFICULT,Which of the following is NOT typically considered a function of scientific research?,To test assumptions,To test hypotheses,To determine cause-and-effect,To rely on controlled methods,D,"Scientific research uses systematic and controlled procedures to test assumptions, hypotheses, and relationships. Choice D is correct because relying on controlled methods is a characteristic of scientific research, not a function or purpose in itself.",7PE-FULL-SET.docx
PROFESSIONAL_EDUCATION,Professional Education,Educational Research,DIFFICULT,Which of the following is least associated with the process of action research?,Identified problem and solution,Plan of action,Theories and generalization,Improvement in the practice,C,"Action research is primarily practical and cyclical, focusing on identifying problems, planning action, implementing changes, observing results, and improving practice. Choice C is correct because broad theory-building and generalization are less central to practitioner-focused action research.",7PE-FULL-SET.docx
PROFESSIONAL_EDUCATION,Professional Education,Educational Research,MODERATE,"Which type of research design is most appropriate for comparing the effectiveness of mathematics instruction across Grades 3, 4, 5, and 6 at a single point in time?",Sequential,Cross-sectional,Longitudinal,Experiential,B,"A cross-sectional design compares groups or age levels at one point in time. Choice B is correct because the study compares Grades 3, 4, 5, and 6 at a single point rather than following the same learners over several years.",7PE-FULL-SET.docx
PROFESSIONAL_EDUCATION,Professional Education,Educational Research,EASY,What is the initial step in conducting action research in an educational setting?,Reviewing literature related to topic,Interviewing stakeholders regarding the problem,Searching for open online resources on the issue,Identifying problematic situations in the classroom,D,Action research begins with identifying a real problem or situation in practice that needs investigation and improvement. Choice D is correct because identifying the problematic classroom situation establishes the focus of the subsequent inquiry.,7PE-FULL-SET.docx
PROFESSIONAL_EDUCATION,Professional Education,Assessment of Learning,EASY,Which of the following is the most reliable indicator to determine if the learning outcomes have been achieved?,The teacher will provide feedback on whether the learning outcomes are met.,The class is actively engaged and consistently participates in class activities.,The students express happiness and show enjoyment during lessons.,The students achieve satisfactory scores on assessments and tasks.,D,"Learning outcomes are best judged through evidence that directly demonstrates the intended knowledge, skills, or performance. Choice D is correct because satisfactory performance on assessments and tasks provides direct evidence that the intended outcomes have been achieved.",7PE-FULL-SET.docx
PROFESSIONAL_EDUCATION,Professional Education,Field Study and Practice Teaching,MODERATE,Your Cooperating Teacher asked you to design activities tailored for visual-spatial learners. Which of the following would be most effective in engaging their strengths?,Creating detailed mind maps to represent concepts,Solving word problems through mental calculations,Writing a reflective essay about personal experiences,Analyzing text through a class debate,A,"Visual-spatial learners benefit from activities that represent information through spatial relationships, patterns, diagrams, and visual organization. Choice A is correct because detailed mind maps visually organize concepts and their relationships.",7PE-FULL-SET.docx
PROFESSIONAL_EDUCATION,Professional Education,Principles of Teaching,EASY,Which of the following activities encourages active participation and collaboration among learners?,Delivering class reports,Presenting with dioramas,Conducting group discussions,Creating PowerPoint slides,C,"Collaboration requires learners to interact, exchange ideas, listen to others, and work toward a shared understanding or product. Choice C is correct because group discussions require active participation and interaction among learners.",7PE-FULL-SET.docx
PROFESSIONAL_EDUCATION,Professional Education,Field Study and Practice Teaching,EASY,What is the most essential component to include in your reflection journal after completing a field study episode?,Important terminologies related to the lesson,Photos of performance tasks accomplished,A comprehensive record of daily observations,Key learnings and insights gained from the experience,D,"A reflection journal should capture what the learner learned, understood, realized, and can apply from the experience. Choice D is correct because key learnings and insights demonstrate actual reflection rather than merely recording events or collecting documentation.",7PE-FULL-SET.docx
PROFESSIONAL_EDUCATION,Professional Education,Classroom Management,MODERATE,What does a chaotic and disorderly classroom most likely indicate about the learning environment?,The students demonstrate varied learning needs.,The teacher fails to organize instructional plans.,The absence of clear rules and procedures.,The lack of effective classroom management.,D,"Classroom management establishes clear rules, procedures, routines, and systems that support orderly learning. Choice D is correct because a chaotic and disorderly classroom most strongly indicates ineffective management of the learning environment.",7PE-FULL-SET.docx
PROFESSIONAL_EDUCATION,Professional Education,The Teaching Profession,MODERATE,How does reflecting on your life experiences during Field Study courses contribute to your growth as a professional teacher?,By helping you become a keen observer of classroom practices,By developing your ability to critically analyze teaching and learning situations,By fostering a commitment to lifelong learning and continuous improvement,By enabling you to become a more systematic and organized learner,C,"Reflective practice involves examining experiences, identifying what worked or did not work, and using those insights to improve future practice. Choice C is correct because sustained reflection during Field Study supports lifelong learning and continuous professional improvement.",7PE-FULL-SET.docx
PROFESSIONAL_EDUCATION,Professional Education,Classroom Management,EASY,Which of the following should be your primary consideration when preparing a seat plan for your class?,Strengths of students,Needs of students,Physical illnesses of students.,Grades of students,B,"A seat plan should be designed around learners' instructional and individual needs so that seating supports participation, access, and learning. Choice B is correct because students' needs are more educationally relevant than grades or other single characteristics.",7PE-FULL-SET.docx
PROFESSIONAL_EDUCATION,Professional Education,Classroom Management,EASY,Why is it important for a teacher to modulate their voice during class?,To sustain class interest,To ensure class attention,To prevent students from sleeping,To refrain from having an unruly class,B,"Voice modulation changes pitch, volume, rate, and emphasis to communicate meaning and maintain learners' attention. Choice B is correct because varying the teacher's voice helps sustain students' attention during instruction.",7PE-FULL-SET.docx
PROFESSIONAL_EDUCATION,Professional Education,Field Study and Practice Teaching,EASY,Why are Field Study courses an essential component of teacher education programs?,To comply with academic requirements,To be familiarized and gain exposure to the teaching profession,To develop an understanding and awareness of the teaching environment,To bridge theoretical knowledge with practical application,D,Field Study connects what teacher candidates learn in coursework with what they observe and experience in actual educational settings. Choice D is correct because bridging theoretical knowledge with practical application is the central purpose of Field Study.,7PE-FULL-SET.docx
PROFESSIONAL_EDUCATION,Professional Education,The Teaching Profession,EASY,A teacher is renewing their Professional Identification Card and is informed that they must present proof of completed professional development activities. Which law mandates this requirement?,RA 10912,RA 7836,RA 10533,RA 4670,A,"RA 10912 is the Continuing Professional Development Act of 2016, which establishes the continuing professional development system for regulated professionals. Choice A is correct because the law provides the legal basis for CPD requirements connected with professional practice and renewal.",7PE-FULL-SET.docx
PROFESSIONAL_EDUCATION,Professional Education,Classroom Management,EASY,How can a teacher effectively address and prevent the issue of students cutting classes?,Develop strategies to address the root causes of cutting classes.,Refer the students to the Guidance Office for counseling.,Maintain a list of students who are at risk of cutting classes.,Implement consistent monitoring of students' attendance and behavior.,A,"Persistent absenteeism or cutting classes may have underlying academic, social, emotional, family, or school-related causes. Choice A is correct because addressing the root causes is more preventive and comprehensive than only monitoring or referring students after the behavior occurs.",7PE-FULL-SET.docx
PROFESSIONAL_EDUCATION,Professional Education,Principles of Teaching,EASY,Hands-on activities are provided to learners primarily to ______.,Develop self-confidence,Encourage teamwork and cooperation,Promote active learning through engagement,Enhance their independence,C,"Hands-on activities require learners to actively manipulate, explore, perform, or interact with materials and situations. Choice C is correct because their primary educational value is promoting active learning through direct engagement.",7PE-FULL-SET.docx
PROFESSIONAL_EDUCATION,Professional Education,Principles of Teaching,EASY,Which of the following best reflects meaningful learning according to educational principles?,When the learning is relevant and connected to the student's life.,When the learning process actively involves students.,When students achieve the intended learning outcomes.,When students find the learning activities enjoyable and engaging.,A,"Meaningful learning occurs when new knowledge is connected to learners' prior knowledge, experiences, and real-life contexts. Choice A is correct because connecting learning to the student's life gives the new content personal relevance and supports meaningful understanding.",7PE-FULL-SET.docx
PROFESSIONAL_EDUCATION,Professional Education,Principles of Teaching,EASY,What is the most important consideration in the effective use of instructional materials?,They should actively engage and stimulate learners.,They should align with the teaching-learning activities.,They should serve as the final output of the learning process.,They should be aesthetically and carefully designed.,B,Instructional materials should function as supports for the intended teaching and learning process. Choice B is correct because materials are most effective when they align with the teaching-learning activities and help accomplish the lesson objectives.,7PE-FULL-SET.docx
PROFESSIONAL_EDUCATION,Professional Education,Inclusive Education,MODERATE,"A Grade 8 teacher notices that one of her students often comes to class with visible bruises and appears withdrawn. The teacher suspects the student might be experiencing abuse at home. To address the situation appropriately and protect the child, which policy should the teacher refer to and follow?","CMO 104, s. 2017","DO 40, s. 2012",RA 10627,"DO 14, s. 2017",B,"DO 40, s. 2012 provides DepEd policy and procedures on protecting children from abuse, violence, exploitation, discrimination, bullying, and other forms of harm in the school setting. Choice B is correct because the situation involves suspected child abuse and therefore calls for the child-protection procedures covered by this policy.",7PE-FULL-SET.docx
PROFESSIONAL_EDUCATION,Professional Education,Assessment of Learning,MODERATE,You are going to assess the writing skills of the students using portfolio assessment. Which of the following will you ask your students?,Let them do a reflective journal for their lessons discussed in the class.,Instruct students to organize their written outputs in a quality container.,Collect all written works completed by students throughout the course.,Select the evidence of their learning.,A,Portfolio assessment requires purposeful selection of evidence that demonstrates learning rather than simply collecting everything a student produces. Choice A is correct because a reflective journal can provide evidence of writing skill and learning through a student's sustained written work and reflection.,7PE-FULL-SET.docx
PROFESSIONAL_EDUCATION,Professional Education,Assessment of Learning,MODERATE,Which of the following statements best describes criterion-referenced interpretation?,Ritz got the highest score in Mathematics.,Lovely’s test score is higher than 95% of the class.,Vinci set up his laboratory equipment in 2 minutes.,Luis solved the problem faster than his classmates.,C,Criterion-referenced interpretation compares performance with a specified standard or criterion rather than with classmates. Choice C is correct because setting up laboratory equipment in two minutes is a directly stated performance criterion that can be judged against a defined standard.,7PE-FULL-SET.docx
PROFESSIONAL_EDUCATION,Professional Education,Assessment of Learning,DIFFICULT,The discriminating index of item number 15 is 0.44. Which of the following best interprets this result?,More students from the upper group got the item correctly than those from the lower group.,More students from the lower group got the item correctly than those from the upper group.,An equal number of students from the upper and lower groups answered the item correctly.,The test item is very easy for all students.,A,A positive discrimination index means the upper-performing group answers the item correctly more often than the lower-performing group. Choice A is correct because an index of 0.44 is positive and therefore indicates stronger performance by the upper group.,7PE-FULL-SET.docx
PROFESSIONAL_EDUCATION,Professional Education,Assessment of Learning,DIFFICULT,"Joseph's score in Science is 1.5 standard deviations above the mean of his group, while his score in Mathematics is 2 standard deviations above the mean of that group. Based on this information, which of the following statements is most accurate regarding Joseph's performance in these two subjects?",He excels both in Science and Math.,He is more proficient in Math than in Science.,He is more proficient in Science than in Math.,He does not excel in both subjects.,B,"A z-score expresses how far a score is from its group's mean in standard-deviation units. Choice B is correct because Joseph is 2 standard deviations above the Math mean but only 1.5 above the Science mean, indicating the stronger relative performance is in Math.",7PE-FULL-SET.docx
PROFESSIONAL_EDUCATION,Professional Education,Curriculum Development,DIFFICULT,Which of the following is NOT a step in constructing a table of specification?,Decide on the content areas to be included.,Identify the skills to be measured for each content.,Determine the number of test items per content.,Decide on the number of answer sheets to be printed.,D,"A table of specifications links content areas and cognitive skills to the number and distribution of test items. Choice D is correct because deciding how many answer sheets to print concerns test administration logistics, not construction of the table of specifications.",7PE-FULL-SET.docx
PROFESSIONAL_EDUCATION,Professional Education,Assessment of Learning,EASY,Which of the following best explains why portfolio assessment is an effective method for evaluating student learning?,It shows both what students know and how they apply their knowledge.,"It encourages self-reflection, allowing students to assess their own learning progress.",It provides a more comprehensive evaluation of learning than traditional pen-and-paper tests.,It emphasizes the assessment of the learning process over the final product.,A,Portfolio assessment gathers varied evidence of learning over time and can show both knowledge and application. Choice A is correct because a portfolio can demonstrate not only what students know but also how they use that knowledge in their work.,7PE-FULL-SET.docx
PROFESSIONAL_EDUCATION,Professional Education,Assessment of Learning,EASY,Which type of response format evaluates an object or behavior by using a scale between two opposite adjectives?,Differential Scale,Verbal Frequency Scale,Semantic Differential Scale,Guttman Scale,C,"A semantic differential scale measures attitudes or perceptions using bipolar adjective pairs, such as good-bad or useful-useless. Choice C is correct because the defining feature in the question is a scale positioned between two opposite adjectives.",7PE-FULL-SET.docx
PROFESSIONAL_EDUCATION,Professional Education,Assessment of Learning,MODERATE,Teacher Jeng ensures that his assessment tools align with the Outcome-Based Education (OBE) principle of expanded opportunity. Which of the following best describes the principle he practices?,"Assessment is an ongoing, continuous, and formative process.",Assessment should have a clear purpose.,Assessment is not an end in itself.,"Assessment is learner-centered, focusing on individual needs and learning styles.",A,"An ongoing, continuous, and formative assessment process gives learners repeated opportunities to demonstrate learning and receive information that can support improvement. Choice A is correct because the source associates this continuous process with the OBE principle identified in the item.",7PE-FULL-SET.docx
PROFESSIONAL_EDUCATION,Professional Education,Assessment of Learning,MODERATE,"Teacher Adrian conducted an item analysis and discovered that a higher proportion of students from the lower group correctly answered test item number 6. Based on this, what can be inferred about the test item?",Has a low reliability,Has a negative discriminating power,Has a high validity,Has a positive discriminating power,B,"A good discriminating item is answered correctly more often by higher-performing students than lower-performing students. Choice B is correct because when the lower group answers correctly at a higher rate, the item has negative discriminating power.",7PE-FULL-SET.docx
PROFESSIONAL_EDUCATION,Professional Education,Assessment of Learning,EASY,"Adrian recently completed eight quizzes in his Statistics class, earning the following scores: 96, 90, 85, 89, 65, 99, 84, and 82. What is the mean score of Adrian's quizzes?",83.25,84.25,85.25,86.25,D,"The mean is found by adding all scores and dividing by the number of scores. The eight scores total 690, and 690 divided by 8 is 86.25, so Choice D is correct.",7PE-FULL-SET.docx
PROFESSIONAL_EDUCATION,Professional Education,Child and Adolescent Development,MODERATE,"In Mr. Ramos' Grade 9 class, several challenges have emerged. Over 40% of the students have recently migrated from a politically unstable region. Many of them appear disengaged during class sessions, with some showing signs of drowsiness or requesting frequent breaks to visit the restroom or clinic due to headaches. Additionally, absenteeism is a recurring issue. As the class adviser, Mr. Ramos wonders what affective trait might be influencing these behaviors. Which of the following affective traits is most likely contributing to these classroom incidents?",Political belief,Self-concept,Anxiety,Motivation,D,"Motivation influences the direction, intensity, and persistence of behavior, including engagement in school activities. Choice D is correct because disengagement, absenteeism, and reduced participation can reflect weakened motivation in the classroom context described.",7PE-FULL-SET.docx
PROFESSIONAL_EDUCATION,Professional Education,Assessment of Learning,EASY,Which of the following sets of behaviors is at the highest level in the affective domain?,"Writes, complies, helps","Completes, initiates, proposes","Influences, proposes, solves","Defends, formulates, modifies",C,The affective domain progresses toward higher levels involving organization and characterization of values that influence behavior. Choice C is correct according to the source classification because the listed behaviors represent the highest level among the alternatives provided.,7PE-FULL-SET.docx
PROFESSIONAL_EDUCATION,Professional Education,Assessment of Learning,EASY,"In designing performance assessments, which of the following should be prioritized to ensure its effectiveness?","Developing a rubric, as it serves as a clear guide for rating students' performance or output.",Providing opportunities for students to show what they know and what they can do.,Ensuring that the performance task mirrors real-life situations for authenticity.,Focusing on measuring lower-order cognitive skills to ensure basic understanding.,B,A performance assessment should give learners opportunities to demonstrate what they know and can do through meaningful performance. Choice B is correct because it captures the central purpose of performance assessment rather than focusing only on the scoring tool or lower-order skills.,7PE-FULL-SET.docx
PROFESSIONAL_EDUCATION,Professional Education,Child and Adolescent Development,EASY,Which of the following affective traits is illustrated by a student who expresses feeling nervous about Mathematics?,Attitude,Interest,Motivation,Value,A,"An attitude is a relatively stable tendency to respond positively or negatively toward an object, subject, or situation. Choice A is correct because feeling nervous toward Mathematics reflects an affective attitude toward the subject.",7PE-FULL-SET.docx
PROFESSIONAL_EDUCATION,Professional Education,Assessment of Learning,MODERATE,Which of the following statements best describes a normal distribution?,Only a few scores fall within the average range.,The data exhibits a negatively skewed distribution.,"The mean, median, and mode are equal.",Most of the scores are clustered at one end of the distribution.,C,"A perfectly normal distribution is symmetric, with the mean, median, and mode located at the same central point. Choice C is correct because equality of these three measures is a defining characteristic of the normal distribution.",7PE-FULL-SET.docx
PROFESSIONAL_EDUCATION,Professional Education,Curriculum Development,MODERATE,"When planning for portfolio assessment, a teacher reviews the curriculum to identify topics requiring outputs as evidence of student learning. Which principle of assessment does this process emphasize?",Content Principle,Learning Principle,Equity Principle,Product Principle,A,The content principle ensures that portfolio evidence is connected to the content and competencies that the curriculum intends learners to develop. Choice A is correct because reviewing the curriculum to identify topics that require evidence directly addresses what content should be represented.,7PE-FULL-SET.docx
PROFESSIONAL_EDUCATION,Professional Education,Assessment of Learning,MODERATE,Which principle of assessment emphasizes the use of diverse strategies and tools to evaluate student learning in an integrative manner?,Assessment is both product- and process-oriented,Assessment must be comprehensive and holistic,Assessment requires the use of appropriate measures,Assessment should be as authentic as possible,B,A comprehensive and holistic approach uses varied evidence and considers learning broadly rather than relying on one narrow measure. Choice B is correct because the question emphasizes diverse strategies and tools used in an integrative evaluation of learning.,7PE-FULL-SET.docx
PROFESSIONAL_EDUCATION,Professional Education,Assessment of Learning,EASY,Which of the following practices should be avoided when constructing true-or-false test items?,I. Including verbal clues and specific determiners. II. Using terms that denote a definite degree or amount. III. Copying statements directly from textbooks. IV. Making true and false statements the same in length. I and II only,"I, II, and III","I, III, and IV",I and III only,D,"Good true-or-false items should avoid wording that gives away the answer through verbal clues or overly specific determiners, and should not simply copy textbook statements. Choice D is correct because practices I and III are identified as practices to avoid in the source item.",7PE-FULL-SET.docx
PROFESSIONAL_EDUCATION,Professional Education,Assessment of Learning,MODERATE,Which model of alternative assessment focuses on determining the effects of instruction rather than determining if students have achieved the intended outcomes?,Emergent Assessment,Developmental Assessment,Authentic Assessment,Performance Assessment,A,Emergent assessment focuses on examining what happens as a result of instruction and how learning or instruction develops rather than simply checking predetermined outcomes. Choice A is correct because the item asks for the model concerned with determining instructional effects.,7PE-FULL-SET.docx
PROFESSIONAL_EDUCATION,Professional Education,Assessment of Learning,MODERATE,"When a teacher performs a norm-referenced interpretation of scores, what is the primary focus?",Describing the expected performance levels to be achieved,Comparing an individual’s performance against a predefined mastery level,Comparing an individual’s score to the scores of other individuals in the group,Using specific content standards as the reference for evaluation,C,Norm-referenced interpretation compares an individual's performance with the performance of a reference group. Choice C is correct because it explicitly describes comparing one person's score with the scores of other individuals in the group.,7PE-FULL-SET.docx
GENERAL_EDUCATION,Purposive Communication in English,Figures of Speech,EASY,What figure of speech is: “The Lord is my shepherd”?,simile,hyperbole,irony,metaphor,D,"The statement directly identifies one thing with another without using “like” or “as,” which makes it a metaphor.",General Education - Predictor (BASC)
GENERAL_EDUCATION,Purposive Communication in English,Literary Forms,EASY,Haiku is a traditional Japanese poem consisting of ______.,Eight lines ending in rhyming couplets with death as a topic.,Lines of poetry in free verse with ordinary things as topics,Three lines totaling 17 syllables with nature as a topic.,Four lines that rhyme with love as a topic.,C,"A traditional haiku has three lines and is commonly taught as having a 5-7-5 syllabic pattern, often focusing on nature.",General Education - Predictor (BASC)
GENERAL_EDUCATION,Purposive Communication in English,Vocabulary,EASY,An erratic behavior suggests one that is ______.,normal,inconsistent,stable,predictable,B,"Erratic behavior is irregular or unpredictable, so it is best described as inconsistent.",General Education - Predictor (BASC)
GENERAL_EDUCATION,Readings in Philippine History and Society,Philippine Leaders,MODERATE,"Who is remembered for his famous quotation, “My loyalty to my party ends where my loyalty to my country begins”?",Carlos P. Garcia,Ferdinand Marcos,Manuel Quezon,Manuel Roxas,C,"The quotation is commonly attributed to Manuel Quezon, a Philippine president known for statements about national loyalty.",General Education - Predictor (BASC)
GENERAL_EDUCATION,Purposive Communication in English,Sentence Structure,MODERATE,Choose the sentence that expresses the thought clearly and has no error in structure or spelling.,"The farmer did plow, plant, harvest his corn in record time","The farmer plowed, planted and harvested his corn in record time","The farmer plowed, has planted and has harvested his corn in record time","The farmer has plowed, planted and harvested his corn in record time",B,"Option B uses parallel past-tense verbs, “plowed, planted and harvested,” to express the completed sequence clearly and consistently.",General Education - Predictor (BASC)
GENERAL_EDUCATION,Purposive Communication in English,Aphorisms,MODERATE,"“Write injuries in dust, benefits in marble.” What is the meaning of this aphorism from Poor Richard’s Almanac?",Forget what other people have done to hurt you,It is not easy to forgive and forget,Nurse your hurt feelings,Let bygones be bygones,A,"The aphorism advises people to make injuries easy to forget while remembering benefits, so forgetting hurts and remembering kindness captures its intended lesson.",General Education - Predictor (BASC)
GENERAL_EDUCATION,Purposive Communication in English,Grammar,EASY,The student's request to reschedule the test ______ reasonable.,were,very,are,is,D,"The singular subject “request” takes the singular linking verb “is,” making “is reasonable” grammatically correct.",General Education - Predictor (BASC)
GENERAL_EDUCATION,Purposive Communication in English,Effective Sentences,MODERATE,Select the sentence that clearly and effectively states the idea and has no structural errors.,The examinees need double pencils simply a calculator and ball pen.,"The examinees need pencils, a calculator and a ball pen.","The examinees need two pencils, a simple calculator, and a ball pen.","The examinees need two sharpened pencils, calculator and ball pen.",C,"Option C clearly identifies the needed materials and uses appropriate pluralization, articles, and punctuation.",General Education - Predictor (BASC)
GENERAL_EDUCATION,Mathematics,Logical Reasoning,MODERATE,"It is either one of ours or one of yours. It is not one of ours. Therefore, ______.",it is not one of yours,it is one of ours,it is one of yours,it is not one of ours,C,"The statement gives two exclusive alternatives and rules out the first, so the remaining alternative is that it is one of yours.",General Education - Predictor (BASC)
GENERAL_EDUCATION,Purposive Communication in English,Pronoun Case,EASY,Both Nenita and ______ plan to go.,I,me,myself,me myself,A,"The pronoun is part of the compound subject “Nenita and I,” so the subjective form “I” is required.",General Education - Predictor (BASC)
GENERAL_EDUCATION,Purposive Communication in English,Idioms,EASY,What is meant by the idiom “at sixes and sevens”?,the things have not been shipped,in an orderly manner,in a state of confusion,the boxes are still intact,C,The idiom “at sixes and sevens” means being in a confused or disorganized state.,General Education - Predictor (BASC)
GENERAL_EDUCATION,Purposive Communication in English,Idioms,EASY,"If you want to be recognized, have a finger in the pie.",dip finger in the pie,take an active part in something,take a share of the pie,join a group,B,“Have a finger in the pie” means to take an active part or have an involvement in an activity.,General Education - Predictor (BASC)
GENERAL_EDUCATION,Purposive Communication in English,Vocabulary,EASY,Which is NOT a synonym for ‘sleepy’?,soporific,somnolent,hyperbolic,lethargic,C,"“Hyperbolic” means exaggerated, while soporific, somnolent, and lethargic are associated with sleepiness.",General Education - Predictor (BASC)
GENERAL_EDUCATION,Purposive Communication in English,Phonetics and IPA,MODERATE,“Cat” is written in phonemic IPA transcription as:,/kæt/,/kɒt/,/kaɪt/,/kʌt/,A,"The common English pronunciation of “cat” is represented in IPA with /kæt/, using the short vowel /æ/.",General Education - Predictor (BASC)
GENERAL_EDUCATION,Purposive Communication in English,Punctuation,MODERATE,Which of the following sentences is punctuated correctly?,"He worked all night; therefore, he was able to finish the report in time.","He worked all night, therefore, he was able to finish the report in time.",He worked all night therefore he was able to finish the report in time.,"He worked all night, therefore he was able to finish the report in time.",A,"A semicolon correctly separates the independent clauses, while “therefore” is followed by a comma.",General Education - Predictor (BASC)
GENERAL_EDUCATION,Malayuning Komunikasyon sa Wikang Filipino,Uri ng Pangungusap,EASY,"“Mag-aral kang mabuti”, ay pangungusap na ____.",pautos,patanong,padamdam,pasalaysay,A,"Ang “Mag-aral kang mabuti” ay nagbibigay ng utos o panuto, kaya ito ay pangungusap na pautos.",General Education - Predictor (BASC)
GENERAL_EDUCATION,Malayuning Komunikasyon sa Wikang Filipino,Bahagi ng Pananalita,MODERATE,Anong bahagi ng pananalita ang nasa malaking titik? Malungkot ANG MGA nagtapos na wala pang trabaho.,pananda,patirala,pang-ukol,pangatnig,A,Ang “ang mga” ay panandang ginagamit upang ipakilala o tukuyin ang pangngalang tinutukoy sa pangungusap.,General Education - Predictor (BASC)
GENERAL_EDUCATION,Malayuning Komunikasyon sa Wikang Filipino,Tayutay,EASY,“Ang mga mata mo ay tulad ng mga bituin sa kalangitan.” Ano ang ginagamit na pagpapahayag dito?,pagtutulad,pagwawangis,personipikasyon,pang-uyam,A,"Ginagamit ang salitang “tulad” upang paghambingin ang mga mata at mga bituin, kaya ito ay pagtutulad.",General Education - Predictor (BASC)
GENERAL_EDUCATION,Malayuning Komunikasyon sa Wikang Filipino,Panitikan,EASY,"Alin sa mga ito ang nagpapahayag sa paraang organisado at artistiko, maging tuluyan o sa berso, na nagmula sa imahinasyon?",panulaan,epiko,sanaysay,panitikan,D,Ang panitikan ay malikhaing pagpapahayag na maaaring nasa anyong tuluyan o patula at nagmumula sa imahinasyon at karanasan.,General Education - Predictor (BASC)
GENERAL_EDUCATION,Malayuning Komunikasyon sa Wikang Filipino,Ng at Nang,MODERATE,Mag-aalas singko na__umaga magising siya,ng—nang,nang—kapag,nang—nang,ng—at,C,"Sa wastong gamit, “Mag-aalas singko na nang umaga” ang parirala at ang “nang” ay ginagamit sa ganitong ugnayan ng oras.",General Education - Predictor (BASC)
GENERAL_EDUCATION,Malayuning Komunikasyon sa Wikang Filipino,Wastong Gamit ng Gitling,MODERATE,Kailan ginagamit ang “ika-” na may gitling?,kung ginagamit na panlapi sa isang salita,kung mismong bilang ang susunod sa isusulat,kung ang ikakabit ay isang panlapi,kung ang bilang ay isinusulat na buo,B,"Ginagamit ang “ika-” na may gitling kapag sinusundan ito ng mismong bilang, gaya ng ika-5 o ika-10.",General Education - Predictor (BASC)
GENERAL_EDUCATION,Malayuning Komunikasyon sa Wikang Filipino,Kayarian ng Pangungusap,MODERATE,Anong kayarian mayroon ang pangungusap na “Ang pagbaha ay mapipigilan at masusugpo kung matatanim tayo ng mga puno”?,payak,hugnayan,tambalan,langkapan,B,"May sugnay na nakapag-iisa at sugnay na di-nakapag-iisa na pinangungunahan ng “kung,” kaya ito ay hugnayan.",General Education - Predictor (BASC)
GENERAL_EDUCATION,Malayuning Komunikasyon sa Wikang Filipino,Pokus ng Pangungusap,MODERATE,“Ilang taon ring namahinga sa pag-awit ang sikat na si Whitney Houston.”,ang sikat,ring,sa pag-awit,ilang taon,A,Ang pariralang “ang sikat na si Whitney Houston” ang tinutukoy na bahagi na may pokus sa tinatanggap o tinutukoy na paksa sa pangungusap.,General Education - Predictor (BASC)
GENERAL_EDUCATION,Malayuning Komunikasyon sa Wikang Filipino,Ponolohiya,DIFFICULT,Ang salitang “apartment” ay binubuo ng dalawang klaster. Tukuyin ito.,rt & nt,pr & tm,tm & nt,t & tm,A,"Ang mga klaster ng katinig ay pagkakasunod ng dalawang katinig sa isang pantig o salita; sa ibinigay na pagsusuri, ang “rt” at “nt” ang tinutukoy na mga klaster.",General Education - Predictor (BASC)
GENERAL_EDUCATION,Malayuning Komunikasyon sa Wikang Filipino,Ayos ng Pangungusap,EASY,Anong ayos ng pangungusap ang sumusunod? “Ang mga bata ay naglalaro sa lansangan.”,di-karaniwan,karaniwan,layon,literal,B,Karaniwan ang ayos dahil nauuna ang simuno na “Ang mga bata” bago ang panaguri na “ay naglalaro sa lansangan.”,General Education - Predictor (BASC)
GENERAL_EDUCATION,Malayuning Komunikasyon sa Wikang Filipino,Graphic Organizers,MODERATE,"Ano ang gamit ng mga ito: spot semantik, klaster-konsepto, sagot-gagamba, dayagram, hierarkiyal, at iba pa?",matukoy ang mahalagang detalye,makagawa ng balangkas,mapag-ugnay o makategorya ang mga konsepto,mapagsunod-sunod ang pangyayari,C,"Ang mga nabanggit ay mga estratehiyang biswal na ginagamit upang maiugnay, maisaayos, at makategorya ang mga konsepto at impormasyon.",General Education - Predictor (BASC)
GENERAL_EDUCATION,Malayuning Komunikasyon sa Wikang Filipino,Wastong Pagbuo ng Pangungusap,MODERATE,Alin sa mga sumusunod ang pinakatamang pangungusap?,Ang bago't malaking pabrikang pinagtrabahuhan nila ay malapit sa amin.,Ang pabrikang pinagtrabahuhan nila malapit sa amin ay bago't malaki.,Ang pinagtatrabahuhan nilang malapit sa amin ay bago't malaking pabrika.,"Ang pabrikang malapit sa amin, bago't malaki, ay pinagtatrabahuhan nila.",A,"Ang A ay may malinaw na ayos at wastong ugnayan ng panuring, pangngalan, at sugnay kaya mas maayos nitong naipapahayag ang ideya.",General Education - Predictor (BASC)
GENERAL_EDUCATION,Malayuning Komunikasyon sa Wikang Filipino,Pangungusap na Walang Pandiwa,EASY,“Walang tubig kahapon.” Ito ay pangungusap na:,walang pandiwa,walang paksa,may panaguri,may paksa,A,Ang “Walang tubig kahapon” ay isang nominal o verbless sentence dahil walang pandiwang ginagamit sa pahayag.,General Education - Predictor (BASC)
GENERAL_EDUCATION,Malayuning Komunikasyon sa Wikang Filipino,Talasalitaan,MODERATE,Hindi nakayanan ng aking katawan ang masalimuot na buhay. Ang salitang “masalimuot” ay nangangahulugang:,mahirap,malabo,magulo,malungkot,B,"Ang “masalimuot” ay tumutukoy sa isang bagay na hindi simple o madaling unawain, kaya ang “malabo” ang pinakamalapit na sagot sa mga pagpipilian.",General Education - Predictor (BASC)
GENERAL_EDUCATION,Malayuning Komunikasyon sa Wikang Filipino,Pagsasalin,EASY,Ang katumbas sa Filipino ng “national identity” ay ______.,pandaigdig na pagkilala,pambansang katanyagan,pambayang pagkakakilala,pambansang pagkakilanlan,D,"Ang “national identity” ay tumutukoy sa pagkakakilanlan ng isang bansa o mamamayan, kaya “pambansang pagkakakilanlan” ang wastong katumbas.",General Education - Predictor (BASC)
GENERAL_EDUCATION,Science and Technology,Biology,MODERATE,Why is it not quite possible for viruses to live and multiply in the outer layers of our skin?,The outer layer of the skin has oil which is harmful to viruses.,The outer layer of the skin has dead cells only.,The outer layer of the skin has a lower temperature unsuitable for viruses.,The outer layer of the skin has salt from perspiration which is harmful to viruses.,B,"The outermost skin layer is largely made of dead, keratinized cells, so it does not provide the living cellular machinery that viruses require to reproduce.",General Education - Predictor (BASC)
GENERAL_EDUCATION,Science and Technology,Epidemiology,DIFFICULT,When do doctors declare dengue fever as an epidemic?,when everyone is suffering from a cold,when two are hospitalized from the neighborhood,when the proportion of patients reach at least 15% of the population,when every household of five houses are sick with high fever,C,"Within the source's stated criterion, the condition is treated as an epidemic when the proportion of affected patients reaches the specified threshold of 15%.",General Education - Predictor (BASC)
GENERAL_EDUCATION,Science and Technology,Measurement,MODERATE,Sound : Decibel ::,area : square,capacity : hectare,length : meter,volume : cube,A,"A decibel is a unit used to express sound level; similarly, square units are used to express area.",General Education - Predictor (BASC)
GENERAL_EDUCATION,Science and Technology,Physics,MODERATE,"If an object has kinetic energy, then it also must have an/a ______.",impulse,acceleration,momentum,force,C,"Kinetic energy requires mass and motion, and a moving object has momentum, defined as mass multiplied by velocity.",General Education - Predictor (BASC)
GENERAL_EDUCATION,Science and Technology,Chemical Change,EASY,A change in the composition of a substance resulting in the formation of a new substance is called:,chemical change,nuclear change,mechanical change,physical change,A,A chemical change alters the composition of matter and produces one or more new substances.,General Education - Predictor (BASC)
GENERAL_EDUCATION,Science and Technology,Climate and Monsoons,EASY,The prevailing wind systems experienced in the Philippines are:,northwest and southeast monsoon,northeast and southwest monsoon,east and west monsoon,north and south monsoon,B,The Philippines experiences the northeast monsoon or Amihan and southwest monsoon or Habagat as its major seasonal monsoon systems.,General Education - Predictor (BASC)
GENERAL_EDUCATION,Science and Technology,States of Matter,MODERATE,Which statement is false?,solid particles have the strongest attractive forces in between,"solids and liquids have more molecules per unit volume, hence their densities are higher",molecules of solids and liquids are more closely packed than those in gases,the gas phase has the least kinetic energy,D,"Gas particles have greater average kinetic energy than particles in solids at comparable conditions, so the statement that gases have the least kinetic energy is false.",General Education - Predictor (BASC)
GENERAL_EDUCATION,Science and Technology,Changes of State,EASY,The direct transformation of a solid into the gas phase without passing through the liquid phase is called:,sublimation,compression,evaporation,freeze drying,A,Sublimation is the direct change of a substance from solid to gas without passing through the liquid state.,General Education - Predictor (BASC)
GENERAL_EDUCATION,Science and Technology,Renewable Energy,EASY,Which of the following is NOT a renewable source of energy?,solar,wind,natural gas,biomass,C,"Natural gas is a fossil fuel formed over geological timescales, so it is classified as nonrenewable.",General Education - Predictor (BASC)
GENERAL_EDUCATION,Science and Technology,Weather Instruments,EASY,What device is used to measure atmospheric pressure?,barometer,thermometer,hygrometer,anemometer,A,A barometer is specifically designed to measure atmospheric pressure.,General Education - Predictor (BASC)
GENERAL_EDUCATION,Science and Technology,Heat and Temperature,EASY,What is the boiling point of water at standard atmospheric pressure in Celsius?,0°C,50°C,100°C,212°C,C,"At standard atmospheric pressure, pure water boils at 100°C.",General Education - Predictor (BASC)
GENERAL_EDUCATION,Science and Technology,Energy Transformation,MODERATE,What type of energy transformation occurs in a battery-powered flashlight?,chemical to electrical to light,electrical to chemical to light,mechanical to electrical to light,chemical to mechanical to light,A,"The battery stores chemical energy, which is converted to electrical energy and then to light energy by the lamp or LED.",General Education - Predictor (BASC)
GENERAL_EDUCATION,Science and Technology,Ecology,MODERATE,"Symbiosis is defined by biologists as individuals of different species living together in intimate association; regardless of whether the association is harmful, neutral, or beneficial. All of the following pairs are examples of symbiosis, except:",human and tapeworms,dogs and fleas,cats and mice,ants and aphids,C,"Cats and mice are generally predator and prey rather than a sustained symbiotic association, unlike the other pairs listed.",General Education - Predictor (BASC)
GENERAL_EDUCATION,Science and Technology,Energy in Food,DIFFICULT,"Metabolism and combustion are chemically similar. They both result in the oxidation of some compounds. If completely oxidized, which of the following foodstuffs would yield the most thermal energy?",a cup of ice cream,a cup of sugar,a cup of milk,a cup of flour,A,"Among the listed equal-volume foods, the energy yield depends on composition and density; the source's intended answer is ice cream, which can contain substantial energy-dense fats and sugars.",General Education - Predictor (BASC)
GENERAL_EDUCATION,Science and Technology,Human Body,EASY,Which organ in the human body produces insulin?,liver,pancreas,kidney,heart,B,Insulin is produced by beta cells in the islets of Langerhans in the pancreas.,General Education - Predictor (BASC)
GENERAL_EDUCATION,Mathematics,Simple Interest,MODERATE,"What is the amount due on P10,000.00 after adding the annual interest of 12% for 5 years?","P13,500.00","P15,500.00","P14,000.00","P16,000.00",D,"Using simple interest, 10,000 × 0.12 × 5 = 6,000 interest; adding it to the principal gives P16,000.",General Education - Predictor (BASC)
GENERAL_EDUCATION,Mathematics,Prime Factorization,EASY,What are the prime factors of 273?,"3, 3, 7, 7","3, 7, 13","3, 3, 6, 9","2, 3, 13",B,"273 is divisible by 3, giving 91, and 91 equals 7 × 13; therefore its prime factors are 3, 7, and 13.",General Education - Predictor (BASC)
GENERAL_EDUCATION,Mathematics,Work Problems,DIFFICULT,"Jonas can build a wall in 6 days. Rey had worked on the wall for three days alone before Jonas joined him. Together, they completed the wall in three more days. How long will it take Rey to build the wall alone?",10 days,12 days,16 days,18 days,D,"Jonas works at 1/6 wall per day. In three joint days, the two complete half the wall, so Rey contributes 1/2 − 1/2 = 0 under the literal figures, making the source internally inconsistent; the listed key cannot be reliably established from the stated data.",General Education - Predictor (BASC)
GENERAL_EDUCATION,Mathematics,Fractions and Measurement,EASY,Which of the following has the smallest mass when measured in an equal arm balance?,1/8 sheet of pad paper,1/2 sheet of pad paper,1/4 sheet of pad paper,1/3 sheet of pad paper,A,"Assuming the same type of paper, the smallest fraction of a sheet has the smallest mass, so 1/8 sheet is the lightest.",General Education - Predictor (BASC)
GENERAL_EDUCATION,Mathematics,Square Roots,EASY,What is the value of √64?,4,6,8,10,C,The principal square root of 64 is 8 because 8 × 8 equals 64.,General Education - Predictor (BASC)
GENERAL_EDUCATION,Mathematics,Algebraic Expressions,EASY,Simplify 3(x + 2) − 4x.,−x + 6,3x + 6,−x − 6,−3x + 6,A,"Distribute 3 to obtain 3x + 6, then combine like terms with −4x to get −x + 6.",General Education - Predictor (BASC)
GENERAL_EDUCATION,Mathematics,Linear Equations,EASY,Solve for: 2x + 3 = 11.,3,4,5,6,B,"Subtracting 3 from both sides gives 2x = 8, and dividing by 2 gives x = 4.",General Education - Predictor (BASC)
GENERAL_EDUCATION,Mathematics,Number Patterns,EASY,"What is the next number in the sequence: 2, 4, 8, 16, ...?",20,24,32,40,C,"Each term is multiplied by 2, so the term after 16 is 32.",General Education - Predictor (BASC)
GENERAL_EDUCATION,Mathematics,Geometry,EASY,"If a triangle has angles measuring 50°, 60°, and x°, what is the value of x?",60,70,80,90,B,The angles of a triangle total 180°. Thus x = 180 − 50 − 60 = 70°.,General Education - Predictor (BASC)
GENERAL_EDUCATION,Mathematics,Algebraic Expressions,MODERATE,Simplify 5(3x − 2) + 4.,15x − 2,15x + 4,15x − 6 + 4,15x − 10 + 4,D,"Distributing 5 gives 15x − 10, then adding 4 gives 15x − 6. Among the source choices, option D represents the unsimplified equivalent expression 15x − 10 + 4.",General Education - Predictor (BASC)
GENERAL_EDUCATION,Mathematics,Prime Numbers,EASY,Which number is a prime number?,15,17,21,27,B,"17 has no positive divisors other than 1 and itself, so it is prime.",General Education - Predictor (BASC)
GENERAL_EDUCATION,Mathematics,Exponents,EASY,What is the value of 5² − 3²?,16,25,7,34,A,5² is 25 and 3² is 9; subtracting gives 16.,General Education - Predictor (BASC)
GENERAL_EDUCATION,Mathematics,Fractions and Decimals,EASY,Which of the following is equivalent to 2/5?,0.2,0.4,0.5,0.6,B,"Dividing 2 by 5 gives 0.4, so 2/5 is equivalent to 0.4.",General Education - Predictor (BASC)
GENERAL_EDUCATION,Mathematics,Word Problems,MODERATE,"A factory produced 2300 TV sets in its first year of production, 4500 sets were produced in its second year and 500 more sets were produced in its third year than in its second year. How many TV sets were produced in three years?","10,800","11,800","12,800","13,800",B,"The third year produced 5,000 sets. Adding 2,300 + 4,500 + 5,000 gives 11,800 sets.",General Education - Predictor (BASC)
GENERAL_EDUCATION,Mathematics,Linear Equations,MODERATE,"Tom and Bob have a total of 49 toys. If Bob has 5 more toys than Tom, how many toys does Tom have?",22,23,27,26,A,"Let Tom have x toys. Then x + (x + 5) = 49, so 2x = 44 and x = 22.",General Education - Predictor (BASC)
GENERAL_EDUCATION,Readings in Philippine History and Society,Katipunan in Cavite,EASY,"The Katipunan in Cavite was divided into two factions—the Magdiwang and the Magdalo. While the Magdiwang in Cavite was led by Mariano Alvarez, who led the Magdalo faction?",Ciriaco Bonifacio,Daniel Tirona,Baldomero Aguinaldo,Artemio Ricarte,C,Baldomero Aguinaldo was the principal leader associated with the Magdalo faction of the Katipunan in Cavite.,General Education - Predictor (BASC)
GENERAL_EDUCATION,Readings in Philippine History and Society,Historical Chronology,MODERATE,Which is the correct chronological order of the events in history listed below? I. Execution of Dr. Jose Rizal II. The EDSA Revolution III. Declaration of the first Philippine independence IV. World War II,"I, IV, II, III","II, I, IV, III","IV, I, II, III","I, III, IV, II",D,"The sequence is Rizal's execution in 1896, Philippine independence declaration in 1898, World War II in 1941–1945, and the EDSA Revolution in 1986. The source's listed option set appears inconsistent with that chronology.",General Education - Predictor (BASC)
GENERAL_EDUCATION,Readings in Philippine History and Society,State Powers,MODERATE,It is prerogative inherent in the state where it is called upon to protect those less than full capacity to take adequate care of their own interest.,Eminent Domain,Parens patriae,Police,Taxation,B,"Parens patriae is the state's protective authority exercised for persons who cannot adequately protect their own interests, especially minors.",General Education - Predictor (BASC)
GENERAL_EDUCATION,Readings in Philippine History and Society,Constitutional Powers,MODERATE,The power to declare the existence of a state of war belong to:,Congress,President,Sandiganbayan,Supreme Court,A,"Under the Philippine Constitution, Congress has the authority to declare the existence of a state of war.",General Education - Predictor (BASC)
GENERAL_EDUCATION,Readings in Philippine History and Society,1987 Constitution,EASY,Which of the following principles is declared in the Constitution?,civilian authority is sometimes supreme over the military,The Philippine Constitution is a democratic and republican state. Sovereignty resides in the people and all government authority emanates from it,the state has the power to wage war in defense against outside attack,the separation of the church and state shall be inviolable,B,The Constitution expressly declares that the Philippines is a democratic and republican State and that sovereignty resides in the people.,General Education - Predictor (BASC)
GENERAL_EDUCATION,Readings in Philippine History and Society,Secularization Movement,MODERATE,Who was the Spanish mestizo priest who first led the native secular clergy in the Secularization Movement in 1861?,Father Jacinto Zamora,Father Gregorio Aglipay,Father Pedro Pelaez,Father Jose Burgos,C,Pedro Pelaez was a leading advocate of the secularization of Philippine parishes and an important precursor to the Gomburza movement.,General Education - Predictor (BASC)
GENERAL_EDUCATION,Readings in Philippine History and Society,Spanish Colonial Rule,MODERATE,What was the term given by Marcelo H. de Pilar to hidden control and domination by Spanish religious priests over the colonial government?,Pase region,Las suertepartidas,Complace,Frailocracia,D,“Frailocracia” refers to the alleged domination or influence of Spanish friars over colonial political and social affairs.,General Education - Predictor (BASC)
GENERAL_EDUCATION,Readings in Philippine History and Society,Philippine Territory,MODERATE,"As an insular country, to which principle does the Philippines adhere when it comes to territorial boundary?",Two hundred nautical miles of the country's coast,Three-mile territorial limit,Three hundred fifty nautical miles from shore,Archipelagic doctrine,D,The Philippines is an archipelagic state and applies the archipelagic doctrine in defining the relationship of its waters and islands.,General Education - Predictor (BASC)
GENERAL_EDUCATION,Readings in Philippine History and Society,Propaganda Movement,EASY,What was the newspaper of the Propaganda Movement?,El Eco Filipino Varios,La Solidaridad,Discursos y Articulos,La Independencia,B,La Solidaridad was the principal newspaper associated with Filipino reformists of the Propaganda Movement.,General Education - Predictor (BASC)
GENERAL_EDUCATION,Readings in Philippine History and Society,Sabah Claim,MODERATE,"Historically, why does the Philippines have a claim over Sabah?","The Sultan of Sulu, who received the territory as a gift, has given the Philippine Government power to reclaim his territory.","The Malays, the third wave of migrants to the country, own the territory.",Sabah was formerly a part of the Philippines archipelago.,The Philippine government bought it from the Sultan of Brunei.,A,The Philippine claim is historically linked to the Sultanate of Sulu's historical title and the transfer of rights associated with Sabah; the source frames this through the Sultan of Sulu.,General Education - Predictor (BASC)
GENERAL_EDUCATION,Readings in Philippine History and Society,Precolonial Government,MODERATE,Which statement is true of the pre-Spanish Filipino government?,Laws were formulated by a law-making body elected by the community,There was a court created by the datu to hear complaints,The datu exercised all powers of government,Laws were formulated by a law-making body appointed by the datu,B,"The datu served as a political leader and exercised judicial authority, including hearing disputes and complaints within the community.",General Education - Predictor (BASC)
GENERAL_EDUCATION,Readings in Philippine History and Society,Philippine Independence,EASY,Who among the Presidents changed the date of our celebration of Independence Day from July 4 to June 12?,Ramon Magsaysay,Carlos Garcia,Diosdado Macapagal,Ferdinand Marcos,C,President Diosdado Macapagal issued the proclamation that restored the celebration of Philippine Independence Day to June 12.,General Education - Predictor (BASC)
GENERAL_EDUCATION,Readings in Philippine History and Society,Historical Sources,EASY,Who wrote the book entitled “Sucesos de las Islas Filipinas”?,Pedro Chirino,Antonio de Morga,Gregorio Sanciangco,Antonio Pigafetta,B,"Antonio de Morga wrote “Sucesos de las Islas Filipinas,” published in 1609.",General Education - Predictor (BASC)
GENERAL_EDUCATION,Readings in Philippine History and Society,Foreign Policy,DIFFICULT,"In its relations with other states, the Philippines puts paramount consideration on national sovereignty, territorial integrity, national interest, and the right to self-determination. Therefore …",The government is supposed to protest Chinese incursions in the West Philippine Sea as it threatens our territorial integrity.,The government must not take a side in the trade war between USA and China as it may hamper our possibility of purchasing COVID19 vaccines from any of these States.,The government must protest the US intervention in our war on drugs.,The government must not abandon our claim over Sabah.,D,"The principles stated point to protecting national sovereignty and territorial claims, which the source connects most directly with maintaining the Philippine claim over Sabah.",General Education - Predictor (BASC)
GENERAL_EDUCATION,Readings in Philippine History and Society,Philippine Constitutions,EASY,"Which of the following constitutions was said to be a reaction to the Martial Law of President Ferdinand Marcos? As such, the powers of the president were subjected to many restrictions.",1973 Constitution,1935 Constitution,"Constitution of the Second Philippine Republic, 1943",1987 Constitution,D,The 1987 Constitution was framed after the Marcos era and introduced stronger checks and limitations on presidential power.,General Education - Predictor (BASC)
GENERAL_EDUCATION,The Life and Works of Rizal,Jose Rizal's Surname,MODERATE,"Unlike his siblings who used the surname Mercado, Jose Rizal adopted the surname Rizal—which was derived from the maternal side of his father's family—to avoid suspicion and move more freely while pursuing his studies because:",The Mercado family had been suspected of being anti-government,Young Rizal had been expelled from a religious school,The Mercado siblings were blacklisted from educational institutions,Jose Rizal was not the biological son of Francisco Mercado,A,Rizal used the surname Rizal partly to avoid unwanted association and suspicion surrounding the Mercado family during Spanish colonial rule.,General Education - Predictor (BASC)
GENERAL_EDUCATION,The Life and Works of Rizal,Rizal's Sculptures,MODERATE,"Rizal's famous sculptural work was ______, a clay sculpture of a naked young woman with overflowing hair, standing on a skull while bearing a torch held high.",La Spolarium,Mi Ultimo Adios,Sa Aking mga Kababata,The Triumph of Science over Death,D,“The Triumph of Science over Death” is a sculptural work attributed to Rizal and matches the description given in the item.,General Education - Predictor (BASC)
GENERAL_EDUCATION,The Life and Works of Rizal,Rizal and Blumentritt,EASY,"The Austrian professor, Director of Ateneo of Leitmeritz, whom Rizal had had long and frequent correspondence with as their beautiful friendship lasted all their lives.",Dr. Javier Galezowsky,Jose Alejandrino,Dr. Louis de Weckert,Professor Ferdinand Blumentritt,D,Ferdinand Blumentritt was the Austrian scholar and educator who maintained a long friendship and correspondence with Rizal.,General Education - Predictor (BASC)
GENERAL_EDUCATION,The Life and Works of Rizal,Characters in Rizal's Works,DIFFICULT,Rizal based the character in Noli and El Fili on the people of his life. To whom did he pattern the character of Paulina Gomez?,Teodora Alonso,Leonor Rivera,Saturnina,O-Sei-san,C,The source identifies Saturnina as the person used as the model for Paulina Gomez; this item depends on the biographical attribution used by the reviewer.,General Education - Predictor (BASC)
GENERAL_EDUCATION,The Life and Works of Rizal,Emilio Jacinto,MODERATE,"Emilio Jacinto's literary works were written in Tagalog and a small part in Spanish. The best in all of his works was written on October 8, 1897. It was visibly an imitation of Rizal's “Mi Ultimo Adios.” What was the title of this poem?",Amor Patrio,A la Patria,A la Juventud Filipina,Mi Madre,B,“A la Patria” is the work identified in the source as Jacinto's poem modeled after the patriotic tone of Rizal's “Mi Ultimo Adios.”,General Education - Predictor (BASC)
GENERAL_EDUCATION,The Life and Works of Rizal,El Filibusterismo,EASY,Where is the setting of the 1st chapter of El Fili?,UST,House of Simoun,"Tabo, old circular ship",House of Kapitan Tiago,C,"The opening chapter of El Filibusterismo is set aboard the steamer Tabo, the old circular ship traveling along the Pasig River.",General Education - Predictor (BASC)
GENERAL_EDUCATION,The Life and Works of Rizal,El Filibusterismo Characters,MODERATE,"In El Fili, who was the character who, like Rizal's father, owned a land which was confiscated by the Spanish friar?",Kapitan Tiago,Kabesang Tales,Don Tiburcio,Placido Penitente,B,"Kabesang Tales is portrayed as a landowner whose land was taken through friar abuse, paralleling experiences associated with Rizal's family.",General Education - Predictor (BASC)
GENERAL_EDUCATION,The Life and Works of Rizal,Rizal's Exile,EASY,"Four days after the founding of the La Liga Filipina, Rizal was arrested and imprisoned at Fort Santiago. Who was then the Governor General of the country who ordered the arrest of Rizal to be exiled in Dapitan?",Ramon Blanco,Eulogio Despujol,Camilo Polavieja,Emilio Terrero,B,Eulogio Despujol was Governor-General when Rizal was arrested in 1892 and subsequently deported to Dapitan.,General Education - Predictor (BASC)
GENERAL_EDUCATION,The Life and Works of Rizal,El Filibusterismo Dedication,EASY,El Filibusterismo is the sequel of Noli Me Tangere and like the first book it was written in Spanish. To whom did he dedicate this second novel?,To his beloved parents,To the executed Filipino priests,To the suffering Filipino people,"To his love, Leonora Rivera",B,"Rizal dedicated El Filibusterismo to the memory of the three Filipino priests, Gomburza, whose execution influenced his nationalism.",General Education - Predictor (BASC)
GENERAL_EDUCATION,The Life and Works of Rizal,Noli Me Tangere,EASY,"According to Rizal himself, he took the name Noli Me Tangere, which means “Touch Me Not,” from the Bible. From what Gospel was Noli Me Tangere taken?",Luke 24:12,Luke 24:44,John 20:17,John 20:15,C,The phrase “Noli me tangere” appears in John 20:17 in the Latin Vulgate account of Jesus and Mary Magdalene.,General Education - Predictor (BASC)
GENERAL_EDUCATION,The Life and Works of Rizal,Rizal's Educational Thought,MODERATE,"In his poem, “The Intimate Alliance Between Religion and Good Education,” Rizal showed the importance of religion in education. Which of these is a valid main topic for the poem?",Education without God is not true education,Religion without education is not a true education,Education without God is allowable,Religion without education is allowable,A,"The poem presents religion and education as closely connected, supporting the idea that education separated completely from moral and religious formation is incomplete.",General Education - Predictor (BASC)
GENERAL_EDUCATION,The Life and Works of Rizal,Noli Me Tangere,MODERATE,"Ano ang nais iparating ni Jose Rizal sa talatang ito hango sa kanyang “Noli Me Tangere”: “Mamatay akong di man nakita ang maningning na pagbubukang-liwayway sa aking Inang Bayan. Kayong makakakita, batiin ninyo siya at huwag kalilimutan ang mga nalugmok sa dilim ng gabi.”",Pagkawala ng pag-asa dahil sa mga nangyari sa bayan,Pag-asa sa kalayaan at paggunita sa mga taong nagbuwis ng buhay para sa kalayaan,Pagpapa-walang halaga sa paghihirap ng mga bayani,Malawakang kalungkutan nadarama sa pagkawala ng pag-asa,B,The passage expresses hope that the country will eventually see freedom while asking future generations to remember those who sacrificed for it.,General Education - Predictor (BASC)
GENERAL_EDUCATION,The Life and Works of Rizal,Rizal in Berlin,MODERATE,"Rizal lived in Berlin not just as a mere student or a curious tourist, but for the following reasons EXCEPT: I. to gain further knowledge of Ophthalmology and Sciences & Languages; II. to observe the conditions of the German nation and associate with the German scientists and scholars; III. to finish his novel El Filibusterismo.",I only,II only,III only,I and II,C,Rizal pursued medical and intellectual work and observed German society and scholars; the statement that he went to Berlin specifically to finish El Filibusterismo is the exception in the source's framing.,General Education - Predictor (BASC)
GENERAL_EDUCATION,The Life and Works of Rizal,Rizal's Poems,DIFFICULT,"On August 22, 1883, Rizal wrote a lovely poem entitled A la Senorita C.O. y R. Who was he dedicating the poem to?",Leonor Rivera,Pilar,Consuelo,Concepcion,B,"The initials in the poem's title are associated in the source with Pilar, making her the intended dedicatee.",General Education - Predictor (BASC)
GENERAL_EDUCATION,The Life and Works of Rizal,Rizal's Studies in Madrid,MODERATE,"On November 3, 1882, Rizal enrolled in Universidad Central de Madrid in two courses aside from his studies in painting and sculpture at the Academy of San Carlos, lessons in French, German and English, and practice in fencing and shooting. What were the 2 courses?",Philosophy and Letters & Medicine,Philosophy and Latin & Diploma in Surveying,Philosophy and Latin & Medicine,Ophthalmology and Philosophy,C,"The source identifies Philosophy and Letters together with Medicine as Rizal's two courses, although the option wording in the scan varies; this item should be checked against the original key.",General Education - Predictor (BASC)
GENERAL_EDUCATION,The Life and Works of Rizal,Rizal's Writings,EASY,The article that Rizal wrote in Diariong Tagalog urging his compatriots to love their fatherland just like his prize-winning A La Juventud Filipina.,Los Viajes,Felicitacion,Amor Patrio,Revista de Madrid,C,“Amor Patrio” was Rizal's patriotic article encouraging Filipinos to love their country.,General Education - Predictor (BASC)
GENERAL_EDUCATION,Ethics,Psychology and Self-Efficacy,EASY,"Self-efficacy refers to an individual's belief in their own ability or capacity to succeed. According to this theory, self-efficacy motivates a person to set higher goals and work diligently to achieve them. Who is the psychologist most closely associated with the concept of self-efficacy?",Sigmund Freud,Carl Rogers,Carol Dweck,Albert Bandura,D,Albert Bandura developed social cognitive theory and is most closely associated with the concept of self-efficacy.,General Education - Predictor (BASC)
GENERAL_EDUCATION,Ethics,Moral Dilemma,EASY,The husband is torn between stealing an expensive medicine that will save his wife and letting his wife die but at least he won't be a thief. The situation being faced by the husband is known as:,Confusion,Anxiety,Dichotomy,Moral Dilemma,D,A moral dilemma occurs when a person faces conflicting moral obligations or values and must choose between competing courses of action.,General Education - Predictor (BASC)
GENERAL_EDUCATION,Ethics,Philosophy and Ethics,DIFFICULT,He claimed that the moral agent must direct his/her life to the “spiritualization” of this material world.,Brabander,G. Marcel,M. Heidegger,R. Franceur,B,"The source associates the idea of spiritualizing the material world with G. Marcel, whose philosophy emphasizes human existence, transcendence, and participation.",General Education - Predictor (BASC)
GENERAL_EDUCATION,Ethics,Ethical Frameworks,EASY,Which ethical framework operates on “that which is ethical is that which has good consequence”?,Aristotle virtue ethics,Utilitarian/Teleological Framework,St. Thomas Aquinas Natural Law,Love and Justice Framework,B,"Utilitarian or teleological ethics evaluates actions by their consequences, making the achievement of good consequences central to moral judgment.",General Education - Predictor (BASC)
GENERAL_EDUCATION,Ethics,Pluralism,MODERATE,Which political philosophy is concept of recognition and affirmation of diversity within the political body that allow peaceful coexistence of various convictions and beliefs?,Democracy,Pluralism,Globalization,Give-and-take Philosophy,B,"Pluralism recognizes and accommodates diverse groups, convictions, and interests within a political community, allowing them to coexist peacefully.",General Education - Predictor (BASC)
GENERAL_EDUCATION,Ethics,Kohlberg's Moral Development,MODERATE,"Harold, a 13-year-old student, exclaimed in front of his classmates: “We should not cheat not because the teacher is watching us but because it is morally wrong to cheat.” At which stage is Harold’s moral development most likely?",Pre-Conventional,Past Conventional,Conventional,Non-Conventional,D,"The statement bases morality on an internal principle rather than punishment or social approval, which corresponds to Kohlberg's postconventional level.",General Education - Predictor (BASC)
GENERAL_EDUCATION,Ethics,Values,EASY,“Be honest even if others are not. Be honest even if others cannot.” What does this statement imply?,honesty does not pay,honesty remains a value even if nobody values it,Filipinos seem not to value honesty anymore,honesty is truly a value only if people possess and live by it,B,The statement presents honesty as a value that should be upheld independently of whether other people practice or reward it.,General Education - Predictor (BASC)
GENERAL_EDUCATION,Readings in Philippine History and Society,Spanish Missionaries,EASY,Which religious missionaries first arrived in the Philippines?,Dominicans,Franciscans,Jesuits,Augustinians,D,The Augustinians accompanied the first permanent Spanish expedition and established early missions in the Philippines.,General Education - Predictor (BASC)
GENERAL_EDUCATION,Ethics,Karl Marx,DIFFICULT,Which is the greatest value according to the teachings of Karl Marx?,absolute equality,health,pleasure,elimination of selfish desires,A,"The source frames Marx's ideal around equality and the transformation of social relations, making absolute equality the intended answer among the choices.",General Education - Predictor (BASC)
GENERAL_EDUCATION,Malayuning Komunikasyon sa Wikang Filipino,Ng at Nang,MODERATE,Mag-aalas singko na__umaga magising siya,ng—nang,nang—kapag,nang—nang,ng—at,C,"Sa wastong gamit, “Mag-aalas singko na nang umaga” ang parirala at ang “nang” ay ginagamit sa ganitong ugnayan ng oras.",General Education - Predictor (BASC)
GENERAL_EDUCATION,Malayuning Komunikasyon sa Wikang Filipino,Panitikan,EASY,"Alin sa mga ito ang nagpapahayag sa paraang organisado at artistiko, maging tuluyan o sa berso, na nagmula sa imahinasyon?",panulaan,epiko,sanaysay,panitikan,D,Ang panitikan ay malikhaing pagpapahayag na maaaring nasa anyong tuluyan o patula at nagmumula sa imahinasyon at karanasan.,General Education - Predictor (BASC)
GENERAL_EDUCATION,Malayuning Komunikasyon sa Wikang Filipino,Tayutay,EASY,“Ang mga mata mo ay tulad ng mga bituin sa kalangitan.” Ano ang ginagamit na pagpapahayag dito?,pagtutulad,pagwawangis,personipikasyon,pang-uyam,A,"Ginagamit ang salitang “tulad” upang paghambingin ang mga mata at mga bituin, kaya ito ay pagtutulad.",General Education - Predictor (BASC)
GENERAL_EDUCATION,Malayuning Komunikasyon sa Wikang Filipino,Bahagi ng Pananalita,MODERATE,Anong bahagi ng pananalita ang nasa malaking titik? Malungkot ANG MGA nagtapos na wala pang trabaho.,pananda,patirala,pang-ukol,pangatnig,A,Ang “ang mga” ay panandang ginagamit upang ipakilala o tukuyin ang pangngalang tinutukoy sa pangungusap.,General Education - Predictor (BASC)
GENERAL_EDUCATION,Malayuning Komunikasyon sa Wikang Filipino,Uri ng Pangungusap,EASY,"“Mag-aral kang mabuti”, ay pangungusap na ____.",pautos,patanong,padamdam,pasalaysay,A,"Ang “Mag-aral kang mabuti” ay nagbibigay ng utos o panuto, kaya ito ay pangungusap na pautos.",General Education - Predictor (BASC)
GENERAL_EDUCATION,Purposive Communication in English,Punctuation,MODERATE,Which of the following sentences is punctuated correctly?,"He worked all night; therefore, he was able to finish the report in time.","He worked all night, therefore, he was able to finish the report in time.",He worked all night therefore he was able to finish the report in time.,"He worked all night, therefore he was able to finish the report in time.",A,"A semicolon correctly separates the independent clauses, while “therefore” is followed by a comma.",General Education - Predictor (BASC)
GENERAL_EDUCATION,Purposive Communication in English,Phonetics and IPA,MODERATE,“Cat” is written in phonemic IPA transcription as:,/kæt/,/kɒt/,/kaɪt/,/kʌt/,A,"The common English pronunciation of “cat” is represented in IPA with /kæt/, using the short vowel /æ/.",General Education - Predictor (BASC)
GENERAL_EDUCATION,Purposive Communication in English,Vocabulary,EASY,Which is NOT a synonym for ‘sleepy’?,soporific,somnolent,hyperbolic,lethargic,C,"“Hyperbolic” means exaggerated, while soporific, somnolent, and lethargic are associated with sleepiness.",General Education - Predictor (BASC)
GENERAL_EDUCATION,Purposive Communication in English,Idioms,EASY,"If you want to be recognized, have a finger in the pie.",dip finger in the pie,take an active part in something,take a share of the pie,join a group,B,“Have a finger in the pie” means to take an active part or have an involvement in an activity.,General Education - Predictor (BASC)
GENERAL_EDUCATION,Purposive Communication in English,Idioms,EASY,What is meant by the idiom “at sixes and sevens”?,the things have not been shipped,in an orderly manner,in a state of confusion,the boxes are still intact,C,The idiom “at sixes and sevens” means being in a confused or disorganized state.,General Education - Predictor (BASC)
GENERAL_EDUCATION,Purposive Communication in English,Pronoun Case,EASY,Both Nenita and ______ plan to go.,I,me,myself,me myself,A,"The pronoun is part of the compound subject “Nenita and I,” so the subjective form “I” is required.",General Education - Predictor (BASC)
GENERAL_EDUCATION,Mathematics,Logical Reasoning,MODERATE,"It is either one of ours or one of yours. It is not one of ours. Therefore, ______.",it is not one of yours,it is one of ours,it is one of yours,it is not one of ours,C,"The statement gives two exclusive alternatives and rules out the first, so the remaining alternative is that it is one of yours.",General Education - Predictor (BASC)
GENERAL_EDUCATION,Purposive Communication in English,Effective Sentences,MODERATE,Select the sentence that clearly and effectively states the idea and has no structural errors.,The examinees need double pencils simply a calculator and ball pen.,"The examinees need pencils, a calculator and a ball pen.","The examinees need two pencils, a simple calculator, and a ball pen.","The examinees need two sharpened pencils, calculator and ball pen.",C,"Option C clearly identifies the needed materials and uses appropriate pluralization, articles, and punctuation.",General Education - Predictor (BASC)
GENERAL_EDUCATION,Purposive Communication in English,Aphorisms,MODERATE,"“Write injuries in dust, benefits in marble.” What is the meaning of this aphorism from Poor Richard’s Almanac?",Forget what other people have done to hurt you,It is not easy to forgive and forget,Nurse your hurt feelings,Let bygones be bygones,A,"The aphorism advises people to make injuries easy to forget while remembering benefits, so forgetting hurts and remembering kindness captures its intended lesson.",General Education - Predictor (BASC)
GENERAL_EDUCATION,Purposive Communication in English,Sentence Structure,MODERATE,Choose the sentence that expresses the thought clearly and has no error in structure or spelling.,"The farmer did plow, plant, harvest his corn in record time","The farmer plowed, planted and harvested his corn in record time","The farmer plowed, has planted and has harvested his corn in record time","The farmer has plowed, planted and harvested his corn in record time",B,"Option B uses parallel past-tense verbs, “plowed, planted and harvested,” to express the completed sequence clearly and consistently.",General Education - Predictor (BASC)
GENERAL_EDUCATION,Readings in Philippine History and Society,Philippine Leaders,MODERATE,"Who is remembered for his famous quotation, “My loyalty to my party ends where my loyalty to my country begins”?",Carlos P. Garcia,Ferdinand Marcos,Manuel Quezon,Manuel Roxas,C,"The quotation is commonly attributed to Manuel Quezon, a Philippine president known for statements about national loyalty.",General Education - Predictor (BASC)
GENERAL_EDUCATION,Purposive Communication in English,Vocabulary,EASY,An erratic behavior suggests one that is ______.,normal,inconsistent,stable,predictable,B,"Erratic behavior is irregular or unpredictable, so it is best described as inconsistent.",General Education - Predictor (BASC)
GENERAL_EDUCATION,Purposive Communication in English,Literary Forms,EASY,Haiku is a traditional Japanese poem consisting of ______.,Eight lines ending in rhyming couplets with death as a topic.,Lines of poetry in free verse with ordinary things as topics,Three lines totaling 17 syllables with nature as a topic.,Four lines that rhyme with love as a topic.,C,"A traditional haiku has three lines and is commonly taught as having a 5-7-5 syllabic pattern, often focusing on nature.",General Education - Predictor (BASC)
GENERAL_EDUCATION,Purposive Communication in English,Figures of Speech,EASY,What figure of speech is: “The Lord is my shepherd”?,simile,hyperbole,irony,metaphor,D,"The statement directly identifies one thing with another without using “like” or “as,” which makes it a metaphor.",General Education - Predictor (BASC)
GENERAL_EDUCATION,Purposive Communication in English,Grammar,EASY,The student's request to reschedule the test ______ reasonable.,were,very,are,is,D,"The singular subject “request” takes the singular linking verb “is,” making “is reasonable” grammatically correct.",General Education - Predictor (BASC)
GENERAL_EDUCATION,Mathematics,Square Roots,EASY,What is the value of √64?,4,6,8,10,C,The principal square root of 64 is 8 because 8 × 8 equals 64.,General Education - Predictor (BASC)
GENERAL_EDUCATION,Mathematics,Fractions and Measurement,EASY,Which of the following has the smallest mass when measured in an equal arm balance?,1/8 sheet of pad paper,1/2 sheet of pad paper,1/4 sheet of pad paper,1/3 sheet of pad paper,A,"Assuming the same type of paper, the smallest fraction of a sheet has the smallest mass, so 1/8 sheet is the lightest.",General Education - Predictor (BASC)
GENERAL_EDUCATION,Mathematics,Work Problems,DIFFICULT,"Jonas can build a wall in 6 days. Rey had worked on the wall for three days alone before Jonas joined him. Together, they completed the wall in three more days. How long will it take Rey to build the wall alone?",10 days,12 days,16 days,18 days,D,"Jonas works at 1/6 wall per day. In three joint days, the two complete half the wall, so Rey contributes 1/2 − 1/2 = 0 under the literal figures, making the source internally inconsistent; the listed key cannot be reliably established from the stated data.",General Education - Predictor (BASC)
GENERAL_EDUCATION,Mathematics,Prime Factorization,EASY,What are the prime factors of 273?,"3, 3, 7, 7","3, 7, 13","3, 3, 6, 9","2, 3, 13",B,"273 is divisible by 3, giving 91, and 91 equals 7 × 13; therefore its prime factors are 3, 7, and 13.",General Education - Predictor (BASC)
GENERAL_EDUCATION,Mathematics,Simple Interest,MODERATE,"What is the amount due on P10,000.00 after adding the annual interest of 12% for 5 years?","P13,500.00","P15,500.00","P14,000.00","P16,000.00",D,"Using simple interest, 10,000 × 0.12 × 5 = 6,000 interest; adding it to the principal gives P16,000.",General Education - Predictor (BASC)
GENERAL_EDUCATION,Science and Technology,Human Body,EASY,Which organ in the human body produces insulin?,liver,pancreas,kidney,heart,B,Insulin is produced by beta cells in the islets of Langerhans in the pancreas.,General Education - Predictor (BASC)
GENERAL_EDUCATION,Science and Technology,Energy in Food,DIFFICULT,"Metabolism and combustion are chemically similar. They both result in the oxidation of some compounds. If completely oxidized, which of the following foodstuffs would yield the most thermal energy?",a cup of ice cream,a cup of sugar,a cup of milk,a cup of flour,A,"Among the listed equal-volume foods, the energy yield depends on composition and density; the source's intended answer is ice cream, which can contain substantial energy-dense fats and sugars.",General Education - Predictor (BASC)
GENERAL_EDUCATION,Science and Technology,Ecology,MODERATE,"Symbiosis is defined by biologists as individuals of different species living together in intimate association; regardless of whether the association is harmful, neutral, or beneficial. All of the following pairs are examples of symbiosis, except:",human and tapeworms,dogs and fleas,cats and mice,ants and aphids,C,"Cats and mice are generally predator and prey rather than a sustained symbiotic association, unlike the other pairs listed.",General Education - Predictor (BASC)
GENERAL_EDUCATION,Science and Technology,Energy Transformation,MODERATE,What type of energy transformation occurs in a battery-powered flashlight?,chemical to electrical to light,electrical to chemical to light,mechanical to electrical to light,chemical to mechanical to light,A,"The battery stores chemical energy, which is converted to electrical energy and then to light energy by the lamp or LED.",General Education - Predictor (BASC)
GENERAL_EDUCATION,Science and Technology,Heat and Temperature,EASY,What is the boiling point of water at standard atmospheric pressure in Celsius?,0°C,50°C,100°C,212°C,C,"At standard atmospheric pressure, pure water boils at 100°C.",General Education - Predictor (BASC)
GENERAL_EDUCATION,Science and Technology,Weather Instruments,EASY,What device is used to measure atmospheric pressure?,barometer,thermometer,hygrometer,anemometer,A,A barometer is specifically designed to measure atmospheric pressure.,General Education - Predictor (BASC)
GENERAL_EDUCATION,Science and Technology,Renewable Energy,EASY,Which of the following is NOT a renewable source of energy?,solar,wind,natural gas,biomass,C,"Natural gas is a fossil fuel formed over geological timescales, so it is classified as nonrenewable.",General Education - Predictor (BASC)
GENERAL_EDUCATION,Science and Technology,Changes of State,EASY,The direct transformation of a solid into the gas phase without passing through the liquid phase is called:,sublimation,compression,evaporation,freeze drying,A,Sublimation is the direct change of a substance from solid to gas without passing through the liquid state.,General Education - Predictor (BASC)
GENERAL_EDUCATION,Science and Technology,States of Matter,MODERATE,Which statement is false?,solid particles have the strongest attractive forces in between,"solids and liquids have more molecules per unit volume, hence their densities are higher",molecules of solids and liquids are more closely packed than those in gases,the gas phase has the least kinetic energy,D,"Gas particles have greater average kinetic energy than particles in solids at comparable conditions, so the statement that gases have the least kinetic energy is false.",General Education - Predictor (BASC)
GENERAL_EDUCATION,Science and Technology,Climate and Monsoons,EASY,The prevailing wind systems experienced in the Philippines are:,northwest and southeast monsoon,northeast and southwest monsoon,east and west monsoon,north and south monsoon,B,The Philippines experiences the northeast monsoon or Amihan and southwest monsoon or Habagat as its major seasonal monsoon systems.,General Education - Predictor (BASC)
GENERAL_EDUCATION,Science and Technology,Chemical Change,EASY,A change in the composition of a substance resulting in the formation of a new substance is called:,chemical change,nuclear change,mechanical change,physical change,A,A chemical change alters the composition of matter and produces one or more new substances.,General Education - Predictor (BASC)
GENERAL_EDUCATION,Science and Technology,Physics,MODERATE,"If an object has kinetic energy, then it also must have an/a ______.",impulse,acceleration,momentum,force,C,"Kinetic energy requires mass and motion, and a moving object has momentum, defined as mass multiplied by velocity.",General Education - Predictor (BASC)
GENERAL_EDUCATION,Science and Technology,Measurement,MODERATE,Sound : Decibel ::,area : square,capacity : hectare,length : meter,volume : cube,A,"A decibel is a unit used to express sound level; similarly, square units are used to express area.",General Education - Predictor (BASC)
GENERAL_EDUCATION,Science and Technology,Epidemiology,DIFFICULT,When do doctors declare dengue fever as an epidemic?,when everyone is suffering from a cold,when two are hospitalized from the neighborhood,when the proportion of patients reach at least 15% of the population,when every household of five houses are sick with high fever,C,"Within the source's stated criterion, the condition is treated as an epidemic when the proportion of affected patients reaches the specified threshold of 15%.",General Education - Predictor (BASC)
GENERAL_EDUCATION,Science and Technology,Biology,MODERATE,Why is it not quite possible for viruses to live and multiply in the outer layers of our skin?,The outer layer of the skin has oil which is harmful to viruses.,The outer layer of the skin has dead cells only.,The outer layer of the skin has a lower temperature unsuitable for viruses.,The outer layer of the skin has salt from perspiration which is harmful to viruses.,B,"The outermost skin layer is largely made of dead, keratinized cells, so it does not provide the living cellular machinery that viruses require to reproduce.",General Education - Predictor (BASC)
GENERAL_EDUCATION,Malayuning Komunikasyon sa Wikang Filipino,Pagsasalin,EASY,Ang katumbas sa Filipino ng “national identity” ay ______.,pandaigdig na pagkilala,pambansang katanyagan,pambayang pagkakakilala,pambansang pagkakilanlan,D,"Ang “national identity” ay tumutukoy sa pagkakakilanlan ng isang bansa o mamamayan, kaya “pambansang pagkakakilanlan” ang wastong katumbas.",General Education - Predictor (BASC)
GENERAL_EDUCATION,Malayuning Komunikasyon sa Wikang Filipino,Talasalitaan,MODERATE,Hindi nakayanan ng aking katawan ang masalimuot na buhay. Ang salitang “masalimuot” ay nangangahulugang:,mahirap,malabo,magulo,malungkot,B,"Ang “masalimuot” ay tumutukoy sa isang bagay na hindi simple o madaling unawain, kaya ang “malabo” ang pinakamalapit na sagot sa mga pagpipilian.",General Education - Predictor (BASC)
GENERAL_EDUCATION,Malayuning Komunikasyon sa Wikang Filipino,Pangungusap na Walang Pandiwa,EASY,“Walang tubig kahapon.” Ito ay pangungusap na:,walang pandiwa,walang paksa,may panaguri,may paksa,A,Ang “Walang tubig kahapon” ay isang nominal o verbless sentence dahil walang pandiwang ginagamit sa pahayag.,General Education - Predictor (BASC)
GENERAL_EDUCATION,Malayuning Komunikasyon sa Wikang Filipino,Wastong Pagbuo ng Pangungusap,MODERATE,Alin sa mga sumusunod ang pinakatamang pangungusap?,Ang bago't malaking pabrikang pinagtrabahuhan nila ay malapit sa amin.,Ang pabrikang pinagtrabahuhan nila malapit sa amin ay bago't malaki.,Ang pinagtatrabahuhan nilang malapit sa amin ay bago't malaking pabrika.,"Ang pabrikang malapit sa amin, bago't malaki, ay pinagtatrabahuhan nila.",A,"Ang A ay may malinaw na ayos at wastong ugnayan ng panuring, pangngalan, at sugnay kaya mas maayos nitong naipapahayag ang ideya.",General Education - Predictor (BASC)
GENERAL_EDUCATION,Malayuning Komunikasyon sa Wikang Filipino,Graphic Organizers,MODERATE,"Ano ang gamit ng mga ito: spot semantik, klaster-konsepto, sagot-gagamba, dayagram, hierarkiyal, at iba pa?",matukoy ang mahalagang detalye,makagawa ng balangkas,mapag-ugnay o makategorya ang mga konsepto,mapagsunod-sunod ang pangyayari,C,"Ang mga nabanggit ay mga estratehiyang biswal na ginagamit upang maiugnay, maisaayos, at makategorya ang mga konsepto at impormasyon.",General Education - Predictor (BASC)
GENERAL_EDUCATION,Malayuning Komunikasyon sa Wikang Filipino,Ayos ng Pangungusap,EASY,Anong ayos ng pangungusap ang sumusunod? “Ang mga bata ay naglalaro sa lansangan.”,di-karaniwan,karaniwan,layon,literal,B,Karaniwan ang ayos dahil nauuna ang simuno na “Ang mga bata” bago ang panaguri na “ay naglalaro sa lansangan.”,General Education - Predictor (BASC)
GENERAL_EDUCATION,Malayuning Komunikasyon sa Wikang Filipino,Ponolohiya,DIFFICULT,Ang salitang “apartment” ay binubuo ng dalawang klaster. Tukuyin ito.,rt & nt,pr & tm,tm & nt,t & tm,A,"Ang mga klaster ng katinig ay pagkakasunod ng dalawang katinig sa isang pantig o salita; sa ibinigay na pagsusuri, ang “rt” at “nt” ang tinutukoy na mga klaster.",General Education - Predictor (BASC)
GENERAL_EDUCATION,Malayuning Komunikasyon sa Wikang Filipino,Pokus ng Pangungusap,MODERATE,“Ilang taon ring namahinga sa pag-awit ang sikat na si Whitney Houston.”,ang sikat,ring,sa pag-awit,ilang taon,A,Ang pariralang “ang sikat na si Whitney Houston” ang tinutukoy na bahagi na may pokus sa tinatanggap o tinutukoy na paksa sa pangungusap.,General Education - Predictor (BASC)
GENERAL_EDUCATION,Malayuning Komunikasyon sa Wikang Filipino,Kayarian ng Pangungusap,MODERATE,Anong kayarian mayroon ang pangungusap na “Ang pagbaha ay mapipigilan at masusugpo kung matatanim tayo ng mga puno”?,payak,hugnayan,tambalan,langkapan,B,"May sugnay na nakapag-iisa at sugnay na di-nakapag-iisa na pinangungunahan ng “kung,” kaya ito ay hugnayan.",General Education - Predictor (BASC)
GENERAL_EDUCATION,Malayuning Komunikasyon sa Wikang Filipino,Wastong Gamit ng Gitling,MODERATE,Kailan ginagamit ang “ika-” na may gitling?,kung ginagamit na panlapi sa isang salita,kung mismong bilang ang susunod sa isusulat,kung ang ikakabit ay isang panlapi,kung ang bilang ay isinusulat na buo,B,"Ginagamit ang “ika-” na may gitling kapag sinusundan ito ng mismong bilang, gaya ng ika-5 o ika-10.",General Education - Predictor (BASC)
SPECIALIZATION,Elementary Education,Work Education,MODERATE,Aside from the teaching of work skills and habits to the student. Which of the following is one of the legitimate goals of instruction in Work Education?,development of specialized skills,wise use of leisure time,development of right attitudes towards work and the vocations,none of the aforementioned,C,"A core goal of work education is developing positive attitudes toward work and vocational life, not only narrow specialized skills.",BASC-Mock-Specialization-Elementary.docx
SPECIALIZATION,Elementary Education,Mathematics,EASY,"All of the following except one, are concerned with simple statistics, which is the exception?",Proving that water boils at approximately 212°F.,Drawing the line graphs of daily temperature readings.,Finding the average reading of temperature for several days.,Reading and discussing weather reports in newspapers.,A,"Proving the boiling point of water is a science experiment, not a statistics activity; the others involve data, averages, graphs, or reports.",BASC-Mock-Specialization-Elementary.docx
SPECIALIZATION,Elementary Education,Mathematics,MODERATE,"Of the following statements regarding problem solving in arithmetic, which one is TRUE?",Ability to solve problems improves with growth in ability to read.,The use of familiar terms in stating the problem eliminating the needs for reflective thinking.,Number combinations should be mastered before going to problem solving.,Ability to solve problems is independent of skill in arithmetical operations.,A,Reading comprehension supports understanding of word problems; improving reading ability typically improves problem-solving performance.,BASC-Mock-Specialization-Elementary.docx
SPECIALIZATION,Elementary Education,Language Arts,EASY,The main goal of spoken language is:,to pronounce words clearly,effective communication,to become good actors,initiation of native speakers,B,Spoken language instruction aims primarily at effective communication.,BASC-Mock-Specialization-Elementary.docx
SPECIALIZATION,Elementary Education,Social Studies,MODERATE,"Which of the following is not true about the term ""conceptual approach"" in the teaching of social studies?",It is not a method of teaching or a classroom strategy.,It is a scheme for organizing the social studies curriculum.,"It stresses the learning of major ideas and concepts, not the learning of facts per se.",None of the aforementioned.,D,B and C correctly describe the conceptual approach. A is also considered true in many texts (approach vs method). So none of A–C is the false statement; answer is D.,BASC-Mock-Specialization-Elementary.docx
SPECIALIZATION,Elementary Education,Filipino,MODERATE,Ang kanais-nais na pagsusulit pangwika ay sumusukat sa:,kakayahan sa pagsasalita ng wika,mabuting pagsulat,kakayahan sa wastong pagsunod sa mga tuntuning pambalarila,tamang paggamit ng wika sa iba't ibang kalagayan,D,Mabisang pagsusulit sa wika ang sumusukat sa aktwal na paggamit ng wika sa iba't ibang sitwasyon.,BASC-Mock-Specialization-Elementary.docx
SPECIALIZATION,Elementary Education,Language Arts,MODERATE,A person has learned a second language when:,he can speak and write the language,he has acquired a large vocabulary,he can use appropriate expressions in any situation,he can spell 90 percent of all the words in a given text,C,Communicative competence—using appropriate expressions across situations—marks successful L2 learning.,BASC-Mock-Specialization-Elementary.docx
SPECIALIZATION,Elementary Education,Language Arts,MODERATE,The core of all language teaching is still:,listening to stories and poem,spelling words loud,active meaningful pattern drill,writing composition,C,Pattern practice/drill in meaningful contexts has long been considered central in language teaching methodology in many local curricula.,BASC-Mock-Specialization-Elementary.docx
SPECIALIZATION,Elementary Education,Language Arts,EASY,Learning to speak and read English is quite difficult for Filipinos because English has forty-six phonemes while most Philippine languages have only:,21,40,30,35,A,"Many Philippine languages have fewer phonemes (commonly cited around 21) than English, which contributes to learning difficulty.",BASC-Mock-Specialization-Elementary.docx
SPECIALIZATION,Elementary Education,Science,MODERATE,Which of the following are the logical stages in developing mathematical concepts among primary school children?,"concrete, semi-concrete, abstract","picture, concrete, abstract","concrete, abstract, semi-concrete","abstract, semi-concrete, picture",A,Concept development typically moves from concrete to semi-concrete (representational) to abstract.,BASC-Mock-Specialization-Elementary.docx
SPECIALIZATION,Elementary Education,Mathematics,EASY,"The so-called ""whole-part-whole"" method is used in making the class:",solve a difficult mathematical problem,memorize a poem,understand the parts of a long story or selection,perform complicated experiments in science,C,"Whole-part-whole is a classic approach for understanding long selections: overview, study parts, then whole again.",BASC-Mock-Specialization-Elementary.docx
SPECIALIZATION,Elementary Education,Filipino,EASY,Ang wikang dapat gamitin sa pagtuturo sa paaralan ay:,pormal,balbal,angkop ma kolokyal,pampanitikan,A,"Sa pormal na pagtuturo sa paaralan, ang wikang pormal ang dapat gamitin.",BASC-Mock-Specialization-Elementary.docx
SPECIALIZATION,Elementary Education,Filipino,MODERATE,"Sa pagtuturo ng Pilipino, ang guro ay kailangang:",gumamit ng mga pamamaraan at mga kaisipang mula sa ibang bansa sapagkat ang mga iyon ay makabago,gumamit ng mga makabagong kagamitan mula sa ibang bansa upang mapabuti ang pagtuturo,"mag-angkop ng mga pamamaraan, kagamitan at kaisipang dayuhan ayon sa kalagayan sa pagtuturo",gumamit lamang ng sariling kaparaanan,C,"Dapat iangkop ang dayuhang pamamaraan at kagamitan sa lokal na kalagayan, hindi basta gayahin o itakwil lahat.",BASC-Mock-Specialization-Elementary.docx
SPECIALIZATION,Elementary Education,Filipino,EASY,Alin ang higit na angkop gamitin sa pagtuturo ng mga uri ng pangungusap?,Tula,Sanaysay,Dula-dulaan,Tuwirang paraan,D,Ang tuwirang paraan (direct method/instruction) ay angkop sa pagtuturo ng mga uri ng pangungusap.,BASC-Mock-Specialization-Elementary.docx
SPECIALIZATION,Elementary Education,Work Education,MODERATE,Which of the following is the LEAST appropriate for the teaching of work education?,Project method,Lecture-demonstration method,Problem-solving method,Assignment-recitation-test method,D,"Work education is hands-on; pure assignment-recitation-test is the least appropriate compared with project, demo, and problem-solving.",BASC-Mock-Specialization-Elementary.docx
SPECIALIZATION,Elementary Education,Curriculum,MODERATE,"Educational Decree No. 6 provides that by 1977, textbooks on the elementary level should be:",written by the Filipino authors and published in the Philippines with emphasis on Philippine culture,printed by Filipino publishers only,about the achievements of the New Society,written in Filipino about the Filipino way of life,A,The decree pushed for locally authored and published elementary textbooks emphasizing Philippine culture.,BASC-Mock-Specialization-Elementary.docx
SPECIALIZATION,Elementary Education,Principles of Teaching,MODERATE,"The following, EXCEPT for one, are practices to avoid in teaching. Which is not like the rest?",punishing the class for the offenses of a few,considering the given tests as ends,"delegating ""little teacher"" to the other groups in the class and staying with low learners",writing words and doing lessons as punishments,C,Using peer helpers while the teacher supports low learners is acceptable practice; the others are practices to avoid.,BASC-Mock-Specialization-Elementary.docx
SPECIALIZATION,Elementary Education,Principles of Teaching,DIFFICULT,Teaching at the present age should not be thought of as:,pouring in ideas which are relevant to the child's needs,child-centered with emphasis on activities which are meaningful to the learner,a cooperative undertaking of both teachers and the learner wherein desirable appreciation and emotional reactions are developed,a well-planned work subject to continuous re-planning,A,"Modern teaching rejects the ""pouring in"" of ideas; it is learner-centered, cooperative, and continuously planned.",BASC-Mock-Specialization-Elementary.docx
SPECIALIZATION,Elementary Education,Assessment,MODERATE,"In any method of teaching in the different subject areas, the teacher should institute some form of evaluation to determine the degree of success or accomplishment done by the learners. What do you think is the most important use of the results of this evaluation by the teacher?",to determine the honor pupils,to determine the remedial or corrective measures,to determine the weak pupils,to satisfy the school administrators and supervisors,B,The most important instructional use of evaluation results is to plan remediation and improve learning.,BASC-Mock-Specialization-Elementary.docx
SPECIALIZATION,Elementary Education,Physical Education,MODERATE,The primary purpose of teaching Physical Education is:,"to assist each learner in becoming a harmoniously integrated individual physically, mentally, emotionally, and socially",to train boys and girls in physical skills,to develop skills that will give an individual proficiency in activities that require strength and endurance,to develop social efficiency through physical training,A,"PE aims at holistic development—physical, mental, emotional, and social integration—not skills alone.",BASC-Mock-Specialization-Elementary.docx
SPECIALIZATION,Elementary Education,Values Education,MODERATE,Which of the following techniques is considered as directional and persuasive procedure of teaching moral values?,Emotional pleas,Preaching,Appeals to the conscience,All of the aforementioned,D,"Emotional appeals, preaching, and appeals to conscience are all directional/persuasive approaches to values teaching.",BASC-Mock-Specialization-Elementary.docx
SPECIALIZATION,Elementary Education,Language Arts,MODERATE,What effect do well-established habits of a learner in his first language have in learning the second language?,They help strengthen the speech habits the learner has yet to develop in the second language.,They interfere with the speech habits the learner has yet to develop in the second language.,They complement the speech habits as the learner has yet to develop in the second language.,None of the aforementioned,B,L1 habits often transfer and can interfere with L2 acquisition (language interference/transfer).,BASC-Mock-Specialization-Elementary.docx
SPECIALIZATION,Elementary Education,Language Arts,EASY,Any language that is learned after native tongue is called:,native dialect,first language,vernacular,second language,D,A language learned after the native tongue is a second language (L2).,BASC-Mock-Specialization-Elementary.docx
SPECIALIZATION,Elementary Education,Language Arts,MODERATE,"Which of the following considered the best method of presenting English structure because it approximates closest the ""real life"" situation?",dialogue,letter-writing,advertisement,comics-strips,A,Dialogue most closely approximates real-life oral communication for presenting structure.,BASC-Mock-Specialization-Elementary.docx
SPECIALIZATION,Elementary Education,Reading,MODERATE,"Because children reads what is available, there arises the greatest responsibility of the school to:",keep on hand one copy for every child of each book that the schools wants each child to read,furnish a large supply of desirable books,prescribe the kind and number of books which the children must read,require children to write reports of books they have read,B,The school should provide a rich supply of desirable books so children encounter quality reading material.,BASC-Mock-Specialization-Elementary.docx
SPECIALIZATION,Elementary Education,Language Arts,DIFFICULT,Which of the following classroom situations uses complementation strategy?,"Using the comparative form of the adjective in the pattern: ""a river is bigger than a brook"", and reinforcing the same skill in Filipino.",Using dialogue to approximate real-life situations in the use of adverbs in the pattern: Nene dances gracefully.,"Using English in Math and Science, and Filipino in the other subjects.",Using actual pictures and gestures in learning the progressive form of the verb in the pattern: Father is working now.,A,Complementation reinforces the same structure/skill across languages (English then Filipino comparative forms).,BASC-Mock-Specialization-Elementary.docx
SPECIALIZATION,Elementary Education,Filipino,EASY,Ang magandang pagkakasunud-sunod ng aralin sa wika ay:,"pakikinig, pagbabasa, pagsulat, pagsasalita","pakikinig, pagbasa, pagsasalita, pagsulat","pakikinig, pagsasalita, pagbasa, pagsulat","pagsasalita, pakikinig, pagbasa, pagsulat",C,"Karaniwang sunod sa wika: pakikinig, pagsasalita, pagbasa, pagsulat (receptive to productive skills in natural order).",BASC-Mock-Specialization-Elementary.docx
SPECIALIZATION,Elementary Education,Filipino,MODERATE,Ang pangunahin layunin sa pagtuturo ng wika ay upang:,makasulat nang tama,makagamit ng magagandang salita,makabasa nang mahusay,makapagpahayag ng maayos,D,Ang pangunahing layunin ng pagtuturo ng wika ay ang mabisang pagpapahayag o komunikasyon.,BASC-Mock-Specialization-Elementary.docx
SPECIALIZATION,Elementary Education,Physical Education,MODERATE,Under what conditions does effective psychomotor learning take place?,The activity is broken into isolated parts for easy mastery of the skill is being practiced.,The learner is not interrupted in his practice.,The learner is free to discover the best way of performing the skill.,The learner knows not only what he is to practice but also how to practice the skills correctly.,D,Effective psychomotor learning requires knowing both what and how to practice correctly.,BASC-Mock-Specialization-Elementary.docx
SPECIALIZATION,Elementary Education,Reading,MODERATE,"In which of the following does ""reading"" really take place?",A child recognizes words spontaneously and easily.,A child pronounces words correctly.,A child recognizes words and associates them with his experience.,A child get the messages from a printed page through context clues.,C,True reading involves meaning-making: recognizing words and linking them to experience/meaning.,BASC-Mock-Specialization-Elementary.docx
SPECIALIZATION,Elementary Education,Science,EASY,Which of the following statements is an example of an inference?,What makes the airplane fly?,The clouds are very dark today.,The leaves of the plants are wet. Maybe it rained.,The flashlight will give light if it is dry cells are changed with new ones.,C,"An inference goes beyond direct observation; wet leaves leading to ""maybe it rained"" is an inference.",BASC-Mock-Specialization-Elementary.docx
SPECIALIZATION,Elementary Education,Science,MODERATE,Which of the following statements about science education is not true?,"Elementary science is doing ""doing and learning"" program","Science is the study of what, how and why of things in the child's environment",Science overemphasizes reading and listening activities,Science deals with problems that pupils are curious about,C,Good science education should not overemphasize passive reading/listening; it should be active and inquiry-based. So C is not true of proper science education.,BASC-Mock-Specialization-Elementary.docx
SPECIALIZATION,Elementary Education,Reading,MODERATE,"From the modern point of view, ""developing the ability to read"" implies:",mastery of the mechanics of reading,"developing the ability to translate printed symbols into words, phrases, and sentences",developing a reading vocabulary,developing the ability to secure ideas from the page and dealing reflectively with them,D,"Modern reading instruction emphasizes comprehension and reflective use of ideas, not mere decoding.",BASC-Mock-Specialization-Elementary.docx
SPECIALIZATION,Elementary Education,Principles of Teaching,MODERATE,A language teacher in Grade Six accepts from her pupils work of varying degrees of quality. The principle behind this is:,Children differ from each other in their learning potentials in any given field of learning.,Each child differs within themselves in learning potential in the several areas of the school curriculum.,Learners learn best when they proceed towards goal which they accept as worthwhile goals.,Varying degrees of quality give the teacher a basis for remedial teaching.,A,Accepting varied quality of work reflects recognition of individual differences in learning potential.,BASC-Mock-Specialization-Elementary.docx
SPECIALIZATION,Elementary Education,Assessment,MODERATE,A teacher gave an arithmetic test and then asked the children to correct their own work. No grade was recorded. The greatest advantage of this practice to learning itself:,attention is directed to learning itself,competition in classwork is eliminated,time used in checking papers and recording scores is saved,the children lose their fear of grades,A,Ungraded self-correction focuses attention on learning and understanding rather than on scores.,BASC-Mock-Specialization-Elementary.docx
SPECIALIZATION,Elementary Education,Science,MODERATE,It is an approach in teaching elementary science whereby the child learn to understand human behavior and simultaneously develops scientific skills through personal experiences with materials and phenomena. Which of the following is being referred to:,Conceptual approach,Process approach,Discovery approach,Systems approach,C,Discovery approach centers on learners' personal experience with materials and phenomena to build understanding and skills.,BASC-Mock-Specialization-Elementary.docx
SPECIALIZATION,Elementary Education,Language Arts,MODERATE,"In the method of developing word learning skill, a child identifies the meaning units or pronunciation units within the word",Context clues,Structural analysis,Phonetic analysis,Use of dictionary,B,"Structural analysis involves identifying meaningful units (roots, affixes) or word parts within a word.",BASC-Mock-Specialization-Elementary.docx
SPECIALIZATION,Elementary Education,Language Arts,MODERATE,Which of the following is considered as the ultimate goal in language teaching?,Communicates one's thoughts and ideas in the target language.,Talk about the target language.,Formulate generalizations about the language structure.,Repeat the sentences modeled by the teacher.,A,The ultimate goal of language teaching is communicative competence—expressing thoughts and ideas in the target language.,BASC-Mock-Specialization-Elementary.docx
SPECIALIZATION,Elementary Education,Science,MODERATE,Which of the following is being emphasized in the modern science instructional program?,Content and process object,Content Objectives,Progress and behavioral objectives,Proper use of locally-made equipment,A,"Modern science instruction emphasizes both content and process (inquiry skills), not content alone.",BASC-Mock-Specialization-Elementary.docx
SPECIALIZATION,Elementary Education,Mathematics,EASY,"All of the following statements about ZERO are true, except one. Which is the exception?",Zero may be used as a place holder.,A number can be divided by zero.,Zero separates the positive numbers from the negative numbers.,A product is zero if any of its factors is zero.,B,Division by zero is undefined; the other statements about zero are true.,BASC-Mock-Specialization-Elementary.docx
SPECIALIZATION,Elementary Education,Physical Education,MODERATE,"If, during class performance of a warm-up exercise, the teacher sees a student perform incorrectly, it is usually most advisable for her to:","deliver general, yet pertinent corrections to the whole class",call the necessary corrections,excuse the student from performing warm-up exercises,assist the student manually as teacher continues to cue the class,A,Giving general corrections to the class protects dignity and helps everyone; singling out or removing the student is less desirable.,BASC-Mock-Specialization-Elementary.docx
SPECIALIZATION,Elementary Education,Language Arts,MODERATE,Which of the following is a CORRECT definition of language?,an interchange of thoughts or opinions which convey information,"the science treating of the classes of words, their inflections and their syntactical relations and functions",orderly sequence of specific kind of noises produced by the human vocal apparatus by which information is conveyed,"a structure system with signaling devices such as sounds, words, pitches and degrees of loudness",D,"Language is a structured system of signals (sounds, words, pitch, stress) used for communication.",BASC-Mock-Specialization-Elementary.docx
SPECIALIZATION,Elementary Education,Physical Education,MODERATE,"If in the course of teaching a moderately difficult dance to the members of a Physical Education class, confusion results, it would be best for the teacher to:",give up the dance lesson and have the group perform a previously learned dance,"discipline the group and when order has been established, drill the group in the figure of the dance",have the group sit down and observe a selected set as the teacher reteaches the figures,stay with the dance by isolating the difficult figures until there is a degree of improvement in performance,D,"Best practice is to isolate difficult parts and practice until improvement, rather than abandoning the lesson or only observing.",BASC-Mock-Specialization-Elementary.docx
SPECIALIZATION,Elementary Education,Filipino,MODERATE,"Dapat tandaan na ang isang wika ay mabisang natutuhan, nalilinang at napapalaganaplamang sa pamamagitan ng:",pag-alam ng mga tuntuning pambalarila,kahusayan sa pagsulat,malawak na kaalaman sa panitikan,paggamit nito sa lahat at iba't ibang pagkakataon,D,"Language is learned and developed most effectively through meaningful use in varied situations, not grammar rules alone.",BASC-Mock-Specialization-Elementary.docx
SPECIALIZATION,Elementary Education,Filipino,MODERATE,Aling sa mga sumusunod ang mabisang paraan sa pagtuturo ng pagkakaiba ng bigkas ng magkatulad na baybay?,"paglalahad, pagbigkas, pagkilala, at pagsasanay","pagkilala, paglalahad, pagbigkas at pagsasanay","pagbigkas, paglalahad, pagkilala, at pagsasanay","paglalahad, pagbigkas, pagsasanay, at pagkilala",B,"Effective sequence starts with recognition (pagkilala), then presentation/explanation, practice in pronunciation, and drills.",BASC-Mock-Specialization-Elementary.docx
SPECIALIZATION,Elementary Education,Filipino,MODERATE,Ang palatuntunan sa baylinggwalisim ay naglalayong:,gamiting panturo ang Ingles at Pilipino,gamiting panturo ang Ingles at Kastila,gamiting panturo ang Ingles at Wikang panrehiyon,gamiting panturo ang Pilipino at Wikang panrehiyon,A,Bilingual education policy in the Philippines aimed at using English and Filipino (Pilipino) as media of instruction.,BASC-Mock-Specialization-Elementary.docx
SPECIALIZATION,Elementary Education,Social Studies,EASY,"Aside from the acquisition of knowledge, skills, and attitudes, what is the other goal of the social studies instructional program?",development of good citizens,the improvement of community living,development of effective study and thinking skills and habits,All of the aforementioned.,D,"Social studies aims include citizenship, community improvement, and effective study/thinking habits along with KSA.",BASC-Mock-Specialization-Elementary.docx
SPECIALIZATION,Elementary Education,Social Studies,MODERATE,What is the role of specific facts in modern social studies instructions?,Facts are emphasized as the results of teaching.,Facts are utilized in the formulation of concepts and generalizations.,Concepts are developed even in the absence of facts.,None of the aforementioned.,B,"In modern social studies, facts support concept and generalization formation rather than being ends in themselves.",BASC-Mock-Specialization-Elementary.docx
SPECIALIZATION,Elementary Education,Work Education,MODERATE,"Which of the following is not a feature of the so-called ""work-oriented"" curriculum?",The practical aspects is as important as the practical aspects of work education activities.,The theoretical aspect is as important as the practical aspects in the work education.,The work-oriented curriculum is a departure from the bookish and highly verbalized teaching-learning process.,The development of desirable attitudes are as important.,A,"Option A is circular/nonsensical (""practical as important as practical""); the valid features emphasize theory-practice balance, less bookish teaching, and attitudes.",BASC-Mock-Specialization-Elementary.docx
SPECIALIZATION,Elementary Education,Work Education,EASY,Which of the following is TRUE about the Revised Secondary School Program?,Personalized Education,Occupation Arts Education,Vocational Education,Career Education,D,The Revised Secondary School Program is associated with career education orientation in Philippine secondary curriculum reforms.,BASC-Mock-Specialization-Elementary.docx
SPECIALIZATION,Elementary Education,Language Arts,EASY,Experiences that range from the interpretations of symbols to the critical analysis of literary works are classified under:,spelling,reading,grammar,composition,B,Reading spans decoding symbols through critical analysis of literature.,BASC-Mock-Specialization-Elementary.docx
SPECIALIZATION,Elementary Education,Physical Education,MODERATE,Biological or organic development is one of the primary areas of emphasis in the overall Physical Education program. This aspects is necessarily dependent on the development of:,organic vigor,good posture,neuromuscular skills,normal symmetrical growth,A,Organic/biological development in PE depends on building organic vigor (fitness capacity of body systems).,BASC-Mock-Specialization-Elementary.docx
SPECIALIZATION,Elementary Education,Reading,MODERATE,"In its most comprehensive sense, ""developing the ability to read""",developing the ability to recognized printed symbols,"developing the ability to translate printed symbols into words, phrases, and sentences",developing the ability to secure ideas from printed pages and dealing reflectively with them,mastery of the mechanics of reading,C,Comprehensive reading ability means getting ideas and reflecting on them.,BASC-Mock-Specialization-Elementary.docx
SPECIALIZATION,Elementary Education,Reading,MODERATE,Which of the following methods in teaching Reading makes use of a group of printed words as the first materials?,Global method,Story method,Analytical-Synthetic method,Word method,D,The word method begins with whole printed words as the first materials.,BASC-Mock-Specialization-Elementary.docx
SPECIALIZATION,Elementary Education,Reading,DIFFICULT,Which of the following questions belongs to the fourth dimensional level of reading comprehension?,Who is the major character of the story?,"Which of the two characters, the monkey or the turtle, has a more tolerant disposition?",Why did the King wants to revenge?,What lesson did you get?,D,Drawing a lesson/application is at a higher (often fourth) level of comprehension beyond literal and simple inferential.,BASC-Mock-Specialization-Elementary.docx
SPECIALIZATION,Elementary Education,Reading,MODERATE,"Which of the following areas is considered the ""Core"" of the Reading Program?",Pronunciation,Word Recognition,Comprehension,Communication,C,Comprehension is the core of a reading program.,BASC-Mock-Specialization-Elementary.docx
SPECIALIZATION,Elementary Education,Physical Education,MODERATE,Which of the following is not necessarily an essential feature of a good Physical Education program?,The program should be adopted to the needs of individual learners.,"The program provides adequate facilities, equipment and supplies.",The program should be stressed equally for boys and girls.,The activities should be selected at random to provide spontaneity.,D,"Activities should be planned for objectives, not selected at random; random selection is not essential to a good PE program.",BASC-Mock-Specialization-Elementary.docx
SPECIALIZATION,Elementary Education,Physical Education,EASY,A valuable form of Physical Education activity for little children is the use of:,lead-up games,dual sports,story plays,conditioning exercises,C,Story plays are developmentally appropriate and valuable PE activities for young children.,BASC-Mock-Specialization-Elementary.docx
SPECIALIZATION,Elementary Education,Language Arts,MODERATE,"In what subject area is ""aural-oral"" approach being used?",Teaching English as a Second Language,"Teaching oral composition, both English and Filipino",Teaching children's literature,Teaching poem appreciation,A,The aural-oral approach is classically used in teaching English as a second language (listening-speaking first).,BASC-Mock-Specialization-Elementary.docx
SPECIALIZATION,Elementary Education,Curriculum,EASY,"Which of the following group of subjects are considered ""skills subjects""?","Math, reading language","Filipino, English, Work Education","Elementary science, social studies, physical education",all of these,A,"Math, reading, and language are traditionally classified as skills subjects.",BASC-Mock-Specialization-Elementary.docx
SPECIALIZATION,Elementary Education,Reading,MODERATE,The most psychological and widely used manner of developing the meaning of a difficult word in the class is through the use of:,analogy,actions,contextual clues,structural analysis,C,"Context clues are the most common, psychological way to develop word meaning during reading.",BASC-Mock-Specialization-Elementary.docx
SPECIALIZATION,Elementary Education,Social Studies,MODERATE,In what subject is the inquiry process best suited as a method of teaching?,Science,Social studies,Mathematics,Communication arts,A,The inquiry process is most strongly associated with science teaching (investigating questions through evidence).,BASC-Mock-Specialization-Elementary.docx
SPECIALIZATION,Elementary Education,Language Arts,MODERATE,Which of the following uses the functional approach in the communication arts program?,Curriculum materials used are based on the sequence of topics suggested in the guide.,Instructional materials depict happy occasions and special celebrations that children love.,The teacher teaches the skills embodied in the flow chart.,"The teacher uses materials in relation to children's needs, abilities and interests.",D,"Functional approach selects materials based on learners' needs, abilities, and interests.",BASC-Mock-Specialization-Elementary.docx
SPECIALIZATION,Elementary Education,Language Arts,EASY,Language have subjects and predicates in which:,subjects are manifested by noun or pronouns,subjects are verbs and adverbial phrases,predicates are composed of nouns and adjectives,predicates are usually prepositional phrases,A,Subjects are typically nouns or pronouns; predicates contain the verb and related elements.,BASC-Mock-Specialization-Elementary.docx
SPECIALIZATION,Elementary Education,Language Arts,EASY,Content words which are usually stressed in sentences are:,"articles, nouns, prepositions","nouns, verbs, adjectives, adverbs",interjections and conjunctions,pronouns and articles,B,"Content words (nouns, verbs, adjectives, adverbs) carry meaning and are usually stressed.",BASC-Mock-Specialization-Elementary.docx
SPECIALIZATION,Elementary Education,Language Arts,EASY,An example of a basic sentence of the Noun-Verb-Noun pattern is:,Do you live here?,The dog was killed yesterday.,I cannot go with you.,The boy hit the ball.,D,"""The boy hit the ball"" is a clear Noun-Verb-Noun (S-V-O) pattern.",BASC-Mock-Specialization-Elementary.docx
SPECIALIZATION,Elementary Education,Language Arts,DIFFICULT,Which of the following statements is CORRECT?,individualization follows the functional approach in teaching communication arts,"""guided imitation"" technique is synonymous with the ""mim-mem"" techniques","""grammar translations"" method follows the slogan, teach the language",a dictation lesson provides practice in audio-coordination,B,Guided imitation is essentially the mimicry-memorization (mim-mem) technique.,BASC-Mock-Specialization-Elementary.docx
SPECIALIZATION,Elementary Education,Language Arts,EASY,"Exercises wherein the children give actions that follow one after the other like: ""I am cleaning the fish."", ""I am scaling the fish."", ""I am frying it in deep fat."". Belong to the:",Army method,Controlled compositions,Pattern drill,Gouin series,D,The Gouin series presents sequential related actions in the target language.,BASC-Mock-Specialization-Elementary.docx
SPECIALIZATION,Elementary Education,Language Arts,MODERATE,In which of the following situations is the conversational approach used?,The teacher uses a comic strip to present a new structure.,The teacher allows the pupils to talk about a picture.,The teacher reinforces the skills learned in English by using the same skills in Pilipino,The teacher encourages the children to read and memorize a dialogue.,B,"Conversational approach emphasizes natural talk, such as discussing a picture.",BASC-Mock-Specialization-Elementary.docx
SPECIALIZATION,Elementary Education,Language Arts,MODERATE,The most important value of school dramatics is:,It gives entertainment.,It gives them training in audience situations.,It enables the children to display their talents.,It is therapeutic for both aggressive and timid pupils,D,A major educational value of dramatics is therapeutic—helping both aggressive and timid learners.,BASC-Mock-Specialization-Elementary.docx
SPECIALIZATION,Elementary Education,Language Arts,EASY,Research studies show that characters that often appear in children's writings are:,persons,animals,plants,play,B,Children's writing frequently features animal characters.,BASC-Mock-Specialization-Elementary.docx
SPECIALIZATION,Elementary Education,Social Studies,MODERATE,"The concept of ""social institution"" is introduced as early as Grade One; then it is taken up again from Grade Two and up to the Fourth Year high school and even collegiate level. What is such scheme of curriculum organization in social studies called?","""Concentric cycle"" approach",Conceptual approach,Inquiry approach,Spiral approach,D,Revisiting the same concept at increasing depth across grades is spiral organization.,BASC-Mock-Specialization-Elementary.docx
SPECIALIZATION,Elementary Education,Social Studies,MODERATE,What is the recommended method of teaching social studies?,Problem-solving method,Conceptual approach,Inquiry process,Both A and B,D,Problem-solving and conceptual approaches are both recommended in social studies teaching.,BASC-Mock-Specialization-Elementary.docx
SPECIALIZATION,Elementary Education,Social Studies,MODERATE,What is the modern way of organizing the social studies curriculum?,Expanding environment approach,Separate unit approach,Spiral curriculum approach,Broad files,A,"The expanding environment approach organizes social studies from self/home outward to community, nation, world.",BASC-Mock-Specialization-Elementary.docx
SPECIALIZATION,Elementary Education,Language Arts,EASY,"Nursery rhymes, legends, folktales, poems, fiction, drama, essay and biographies comprise:",linguistics,grammar,composition,literature,D,These genres make up literature.,BASC-Mock-Specialization-Elementary.docx
SPECIALIZATION,Elementary Education,Language Arts,MODERATE,Which of the following instances follow the teaching slogan: teach the language?,The children write about a given topic through substitution.,The pupils use a structural pattern out of a given word and situation cues.,The learners give the rules of language out of a given pattern.,The children use a pattern that they linked together in a series.,B,"""Teach the language"" emphasizes using patterns in meaningful situations, not teaching about rules only.",BASC-Mock-Specialization-Elementary.docx
SPECIALIZATION,Elementary Education,Language Arts,MODERATE,Soon after a structure is presented:,a test is given to find if the pupils understood the presentation,practice drills are given to aim at habit formation,writing exercises are given to vary the activities,reading activities are given to enable the pupils to memorize the structures,B,"After presenting a structure, pattern practice/drills aim at habit formation.",BASC-Mock-Specialization-Elementary.docx
SPECIALIZATION,Elementary Education,Mathematics,MODERATE,The basic objectives of the mathematics instruction in the elementary school is to:,make pupils learning functional,make pupils mathematicians in the future,make pupils aware of the importance of numbers,All of the aforementioned.,A,Elementary math prioritizes functional numerical competence for daily life over producing mathematicians.,BASC-Mock-Specialization-Elementary.docx
SPECIALIZATION,Elementary Education,Work Education,MODERATE,Which of the following method is least appropriate for the teaching of Word Education?,Project method,Problem-solving method,Lecture-demonstration method,Assignment-recitation method,D,Work education needs active methods; assignment-recitation is least appropriate.,BASC-Mock-Specialization-Elementary.docx
SPECIALIZATION,Elementary Education,Physical Education,MODERATE,One of the MOST important goals of teaching physical activities in the lower primary grades is the development of:,proper attitude towards sports,sportsmanship,wise use of leisure time,all of the above,D,"Lower primary PE develops attitudes toward sports, sportsmanship, and wise use of leisure—all important.",BASC-Mock-Specialization-Elementary.docx
SPECIALIZATION,Elementary Education,Reading,EASY,Reading for pleasure and to broaden language is classified as:,intensive or functional reading,skimming,extensive or recreatory type,scanning,C,Extensive/recreatory reading is reading for pleasure and language enrichment.,BASC-Mock-Specialization-Elementary.docx
SPECIALIZATION,Elementary Education,Filipino,MODERATE,"Alin sa mga sumusunod na aralin ang ituturo sa Pilipino, ayon sa patakarang baylinggwalisimo?",Araling Panlipunan,Edukasyong Pangangawain,Edukasyong Pangkatawan at Kalusugan,"A, B, and C",D,"Sa baylingguwalismo, ang ilang asignatura gaya ng AP, EP, at EPK ay maaaring ituro sa Pilipino ayon sa patakaran.",BASC-Mock-Specialization-Elementary.docx
SPECIALIZATION,Elementary Education,Filipino,MODERATE,Ang kanais-nais na pagsusulit pangwika ay sumusukat sa:,kakayahan sa pagsasalita ng wika,kakayahan sa wastong pagsunod sa mga tuntuning pangwika,mabuting pagsulat,tamang paggamit ng wika sa iba't ibang kalagayan,D,Ang mabisang pagsusulit ay sumusukat sa wastong paggamit ng wika sa iba't ibang sitwasyon.,BASC-Mock-Specialization-Elementary.docx
SPECIALIZATION,Elementary Education,Physical Education,DIFFICULT,"If the student is consistently attempting to avoid lessons in modern dance because of self-consciousness, which of the following is the MOST desirable step for the teacher to take:","talk to the pupil and assure her that as one of a group, her personal performance is not applicable",allow her to sit on the sideline during the activity and observe others whose performance is not noticeable,assign her to be checker or recorder during the class performance of the dance,assign her sport classes only,A,Reassure the learner and keep her participating in the group; sideline or permanent removal is less desirable.,BASC-Mock-Specialization-Elementary.docx
SPECIALIZATION,Elementary Education,Work Education,MODERATE,Which of the following is TRUE about Revised Secondary School Program?,"One half of the day is devoted to practical arts, vocational education and the other half, to academic subjects.","Regional self-employment, cooperative or entrepreneurial opportunities should be considered in the choice of courses to be offered in the work education program.",Entry behavior skills of the students needed by the various occupations should be identified.,All of the aforementioned.,D,All listed features align with the Revised Secondary School Program's work education thrust.,BASC-Mock-Specialization-Elementary.docx
SPECIALIZATION,Elementary Education,Language Arts,MODERATE,"Which of the following steps is primarily designed to help the learner ""internalize"" the structure under the study?",Presentation,Pattern/structure,Pronunciative drill,Generalization,B,Pattern/structure practice is designed to internalize the target structure.,BASC-Mock-Specialization-Elementary.docx
SPECIALIZATION,Elementary Education,Language Arts,MODERATE,Which of the following steps is considered ideal in teaching communicative lessons?,"Presentation, recognition, auditory drill, production","Presentation, auditory drill, recognition, production","Presentation, production, recognition, auditory drill","Presentation, recognition, production, auditory drill",A,"Ideal sequence: present, recognize, practice aurally, then produce.",BASC-Mock-Specialization-Elementary.docx
SPECIALIZATION,Elementary Education,Language Arts,MODERATE,"To form correct habits in the second language, in which of the following must the learner devote much time?",Speaking the language,Memorizing about the rules of the language,Talking about the language,Using the pattern,A,Habit formation in L2 requires substantial time speaking the language in meaningful practice.,BASC-Mock-Specialization-Elementary.docx
SPECIALIZATION,Elementary Education,Values Education,MODERATE,What method of teaching character education is more appropriate in the lower grades?,Direct method,Indirect method,Exploratory method,None of these,B,"Indirect methods (modeling, stories, situations) are more appropriate for character education in lower grades than pure preaching.",BASC-Mock-Specialization-Elementary.docx
SPECIALIZATION,Elementary Education,Educational Philosophy,MODERATE,The newer philosophy of education is that education is not merely a process of learning facts and storing knowledge; it is concern with:,the social development of the child,the mental development of the child,the emotional development of the child,the physical development of the child,A,Progressive/newer philosophy emphasizes social development and whole-child growth beyond fact storage; social development is the keyed emphasis here.,BASC-Mock-Specialization-Elementary.docx
SPECIALIZATION,Elementary Education,Learning Theories,EASY,Learning which involves awareness is called:,sensory learning,motor learning,verbal learning,ideational learning,D,Ideational learning involves awareness and mental understanding of ideas.,BASC-Mock-Specialization-Elementary.docx
SPECIALIZATION,Elementary Education,Physical Education,MODERATE,One of the following principles in the acquisition of motor abilities is not correct. Select this incorrect answer.,A correct start is essential.,There should be a conscious attempt to improve results.,Practice in practical situation as nearly like the situation in which the ability is to be used or like the movement as it will be used.,Practice periods should preferably be long.,D,Practice periods should be appropriately spaced/short enough for quality; overly long practice is not preferred.,BASC-Mock-Specialization-Elementary.docx
SPECIALIZATION,Elementary Education,Multiple Intelligences,MODERATE,"Erik often wears a headphone while working with his school projects in school campus. When asked why, he said he just wants to stay focused with I work. What kind of learner is Erik?",Global and intrapersonal,Global and interpersonal,Analytical and intrapersonal,Analytical and interpersonal,C,Preferring solitude and focus while working suggests analytical and intrapersonal tendencies.,BASC-Mock-Specialization-Elementary.docx
SPECIALIZATION,Elementary Education,Language Arts,MODERATE,Research says that children learn words better in responsive and interactive contexts than in passive contexts. What is an implication of this finding in teaching-learning process? I. Let them talk as they experience turn-taking opportunities. II. Ask them to socialize with adults. III. Give them scaffolding necessary for optimal word learning.,"I, II and III",II and III,I and II,I and III,D,Talk/turn-taking and scaffolding support word learning; forced adult socialization is not the key implication.,BASC-Mock-Specialization-Elementary.docx
SPECIALIZATION,Elementary Education,Educational Technology,EASY,"The Learning Resource / Audio-visual / Educational Technology Center regularly provides the Teachers a list of websites, apps and instructional materials available in the city which are relevant to the different subjects they teach. This fulfills which function?",A link to other community resources,Center of resources,Recreational reading center,Laboratory of learning,B,Providing curated instructional materials is the function of a center of resources.,BASC-Mock-Specialization-Elementary.docx
SPECIALIZATION,Elementary Education,Assessment,EASY,"If the class has finished a unit in Mathematics, which of the following test should be prepared?",summative tests,diagnostic tests,formative tests,none of these,A,"After finishing a unit, a summative test evaluates overall achievement.",BASC-Mock-Specialization-Elementary.docx
SPECIALIZATION,Elementary Education,Science,MODERATE,Which of the following is the most legitimate goal in teaching science?,To prepare children to become scientists,To acquire the ability to observe and make inference,To develop an inquiring mind,To develop skill in making generalizations,C,"Developing an inquiring mind is the broadest, most legitimate goal of elementary science teaching.",BASC-Mock-Specialization-Elementary.docx
SPECIALIZATION,Elementary Education,Science,MODERATE,"Which of the following content areas in elementary science is taken up first, especially in primary grades?",Unit of living grades,"Unit on matter, energy and motion",Unit on processes,Unit on earth and space,A,Primary science often begins with living things familiar to children.,BASC-Mock-Specialization-Elementary.docx
SPECIALIZATION,Elementary Education,Science,EASY,Which of the following science activities appeal most to the children?,"Reading books, magazines and pamphlets",Making reports of survey,Performing experiments,Listening to resource persons,C,Hands-on experiments typically appeal most to elementary children.,BASC-Mock-Specialization-Elementary.docx
SPECIALIZATION,Elementary Education,Assessment,EASY,What is an advantage of a 4-point scale rubric?,There is no column for undecided and so everyone has to make a choice.,It is easier to choose because there are only four alternatives to choose from.,The student is assessed four times.,It is better than 5 options.,A,A 4-point scale forces a decision with no neutral/undecided midpoint.,BASC-Mock-Specialization-Elementary.docx
SPECIALIZATION,Elementary Education,Assessment,MODERATE,"Here is a True-False test: Based on research findings, girls usually develop earlier than boys. What is faulty with the test item? I. It makes use of a specific determiner, ""usually"". II. The word ""usually"" gives clue to the answer. III. It is a sweeping statement. IV. It is an opinionated statement.",I and IV,III and IV,I and II,I and III,C,"Specific determiners like ""usually"" can give away true answers and are a common true-false construction fault.",BASC-Mock-Specialization-Elementary.docx
SPECIALIZATION,Elementary Education,Curriculum,MODERATE,"What axiom emphasizes that curriculum design should be based on a careful plan, intended outcomes clearly established, etc.?",Curriculum is a product of its time,Curriculum development is more effective when it follows a systematic process,"Curriculum change is inevitable, necessary and desirable","Curriculum development is more effective if it is a comprehensive process, rather than ""piecemeal""",B,The axiom stresses systematic planning with clear intended outcomes.,BASC-Mock-Specialization-Elementary.docx
SPECIALIZATION,Elementary Education,Principles of Teaching,MODERATE,"Of the following, which is most effective for influencing human emotion for retention and discovery of learning?",Drills to augment retention,Telling of jokes in teaching,"Use of inspirational tool (book, film, art, etc.)",Emotional delivery of lessons,C,Inspirational materials engage emotion meaningfully to support retention and discovery.,BASC-Mock-Specialization-Elementary.docx
SPECIALIZATION,Elementary Education,Assessment,MODERATE,The class was taught how to conduct an action research and was required an end-of-the-term written research report. The class was taught how to do the research report and was shown as an Analytic Scoring Rubric for them to know how they will be graded. The class took the Scoring Rubric as guide in the making of their research report. They were all motivated to pass an excellent research report and as a group checked now and then if they were true to the qualities of an excellent research report as seen in the scoring rubric. What form of assessment is described?,Assessment AS Learning,Assessment OF Learning,Assessment FOR Learning,Assessment FOR and AS Learning,D,Using the rubric to guide learning (for) and self-monitoring quality (as) reflects assessment for and as learning.,BASC-Mock-Specialization-Elementary.docx
SPECIALIZATION,Elementary Education,Teaching Strategies,EASY,"The following are elements of cooperative learning: Positive interdependence, individual and group accountability, interpersonal and small group skills and face-to-face promotive interaction. Which is the missing element of cooperative learning?",Assessment,Group processing,Group presentation,Group goal sharing,B,Johnson & Johnson include group processing as a core element of cooperative learning.,BASC-Mock-Specialization-Elementary.docx
SPECIALIZATION,Elementary Education,Teaching Strategies,DIFFICULT,"Which can be done to ensure positive interdependence? I. The group has only one pencil, paper, book, or other resource. II. One paper is written by the group. III. A task is divided into jobs and cannot be finished unless everyone helps. IV. Pass one paper around the group on which each member must write a section. V. Each person learns a topic and then teaches it to the group.","I, II, III, IV and V","I, II, III and V","I, II and III","II, III, IV, and V",A,"All listed techniques create positive interdependence (shared resources, joint product, jigsaw, sequential writing).",BASC-Mock-Specialization-Elementary.docx
SPECIALIZATION,Elementary Education,Assessment,EASY,Mr. Oliver is evaluating a website for his Literature class. He is making sure that factual pieces of information found on the site are well documented and pictures and diagrams are properly labelled. He is also checking that there are neither misspelled words nor grammar errors. Which criterion is focusing on?,Clarity,Appropriateness,Accuracy,Motivation,C,"Checking documentation, labels, and error-free content addresses accuracy.",BASC-Mock-Specialization-Elementary.docx
SPECIALIZATION,Elementary Education,Teaching Strategies,MODERATE,Which of the following teacher actions exemplifies the generative approach of instruction? The teacher ______________.,provides explicit directions and explanations on how to do a task,provides opportunities to students to make own linkages to prior knowledge,assumes responsibility for linking information with students' prior knowledge,presents information in an ordered sequence in which component sub-skills are taught directly,B,Generative instruction has learners generate their own links to prior knowledge rather than teacher-directed explicit only.,BASC-Mock-Specialization-Elementary.docx
SPECIALIZATION,Elementary Education,Language Arts,MODERATE,"Biology, the science that deals with the study of life, is an important subject. This sentence illustrates the use of which CLUE in order for the reader to get the meaning of the word biology?",Experience,Appositive,Explanation,Comparison and contrast,B,"""the science that deals with the study of life"" is an appositive renaming biology.",BASC-Mock-Specialization-Elementary.docx
SPECIALIZATION,Elementary Education,Curriculum,MODERATE,"If the school acts as an agent of change, what is it expected to do?",Implements a curriculum that will perpetuate the entire culture of the community,Supplants the community culture with a new one perceived to be superior to the community culture,Enhances curriculum by localizing and indigenizing it with the help of community,Lets teachers indigenize curriculum on their own,C,"As change agent, the school works with community to localize and indigenize curriculum, not impose or freeze culture.",BASC-Mock-Specialization-Elementary.docx
SPECIALIZATION,Elementary Education,Learning Theories,MODERATE,Which question/s does the learner ask at the metacognitive level processing? I. What has this lesson to do with me? II. Why did I not learn this at first? III. How should I do this to be sure of results? IV. What is the best way to arrive at the solution?,"II, III and IV","I, III, IV","I, II, III",I only,A,"Metacognition monitors and regulates learning: why strategies failed, how to ensure results, best solution path.",BASC-Mock-Specialization-Elementary.docx
SPECIALIZATION,Elementary Education,Curriculum,MODERATE,"When one wants children to develop positive attitude toward life, which approach in curriculum planning is most appropriate?",Problem-centered approach,Systems approach,Humanistic approach,Child-centered approach,C,"Humanistic curriculum prioritizes attitudes, values, and personal growth.",BASC-Mock-Specialization-Elementary.docx
SPECIALIZATION,Elementary Education,Reading,MODERATE,"While letting her pupils read on the blackboard, Mrs. Pacis, a Grade I teacher, uses a piece of illustration board to cover the succeeding lines of a passage that the children focus only on the line being read and then uncovers the next line they are through reading the first line. Which accurate eye movement does the teacher try to develop?",Fixation,Return sweep,Regression,Interfixation,B,Guiding line-by-line focus develops proper return sweep to the next line.,BASC-Mock-Specialization-Elementary.docx
SPECIALIZATION,Elementary Education,Language Arts,DIFFICULT,"The mother tongue of the learner shall be the primary medium of instruction for teaching and learning in the kindergarten level EXCEPT when _______________. I. the pupils in the kindergarten classroom have different mother tongues or when some of them speak another mother tongue II. the teacher does not speak the mother tongue of the learners III. resources, materials in line with the use of the mother tongue, are not yet available IV. teachers are not yet trained how to use the MTB-MLE program",I and II,"I, II and III",II and III,"II, III and IV",B,"Policy allows exceptions when MT differs among pupils, teacher lacks MT, or materials are unavailable.",BASC-Mock-Specialization-Elementary.docx
SPECIALIZATION,Elementary Education,The Teaching Profession,MODERATE,"After 2002, is there another way of obtaining a professional teacher's license other than passing the LET?",None.,"Yes, if one has three years of teaching and with a Master's degree","Yes, by applying for the conversion of one's Professional Board Examination for Teachers (PBET) passing rating to a license.","Yes, if one has five years of teaching with very satisfactory teaching performance.",C,PBET passers could convert ratings to a professional license under transition provisions after LET became the licensure exam.,BASC-Mock-Specialization-Elementary.docx
SPECIALIZATION,Elementary Education,Assessment,EASY,How is the final grade per subject for Grades 1-6 obtained?,Get the average of the grades of all subjects for the 4 semesters.,Get the average of the grades of all subjects for the 2 semesters.,Get the average of the grades for the 2 Quarters.,Get the average of the grades for the 4 quarters.,D,Elementary final grades are typically averaged from the four quarterly grades.,BASC-Mock-Specialization-Elementary.docx
SPECIALIZATION,Elementary Education,Assessment,MODERATE,"Which is/are TRUE of MAPEH when it comes to grade computation? I. The quarterly grade is the average of the quarterly grades in the four areas – Music, Arts, Physical Education and Health (MAPEH) II. Individual grades are given to each area (MAPEH) III. There is one grade for Music and Arts, PE and Health because they are related.",I only,II only,I and II,I and III,A,MAPEH quarterly grade averages the four component areas into one grade.,BASC-Mock-Specialization-Elementary.docx
SPECIALIZATION,Elementary Education,Educational Philosophy,DIFFICULT,"The reconstructionist philosophy influences classroom instruction today. Teachers act as social engineers and students learn within the classroom as a social laboratory. In line with this, teachers prepare the youth for leadership and life skills. However, mandatory volunteerism often results from this preparation due to the _____.",desire to get more funding from civic-oriented organizations,increased pressure from administrative and governmental entities,emphasis on crediting and integration of civic education with existing curriculum,perceived sense of responsibility in the family and community,D,Reconstructionist civic preparation can lead to perceived community/family responsibility that drives mandatory-style volunteerism.,BASC-Mock-Specialization-Elementary.docx
SPECIALIZATION,Elementary Education,Assessment,MODERATE,"At the end of the school year, which is/are TRUE of grades? I. The General Average is computed by dividing the sum of all final grades by the total number of learning II. Each learning area has equal weight in computing for the General Average. III. The Final Grade per learning area and the General Average are reported as whole numbers.",I and II,I and III,"I, II and III",II and III,C,All three statements reflect standard DepEd grade computation and reporting practices.,BASC-Mock-Specialization-Elementary.docx
SPECIALIZATION,Elementary Education,The Teaching Profession,MODERATE,A teacher may submit to the proper authority any justifiable activities against an associate preferably in writing without violating any right of the individual concerned. Which section of the Code of Ethics is referred to in the given situation?,Article III - Teachers and the Community,Article V - Teacher and the Teaching Community,Article IV - Teachers and the Profession,Article VI - Teacher and Higher Authorities,B,Relations with associates/teaching community fall under teachers and the teaching community provisions.,BASC-Mock-Specialization-Elementary.docx
SPECIALIZATION,Elementary Education,Educational Philosophy,MODERATE,Which idea does the pragmatic teacher reject?,What works best is true.,The world is in constant change.,"Knowledge is produced by a ""transaction between man and his environment"".",Values are objective.,D,Pragmatism rejects fixed objective values independent of experience; values are evaluated by consequences.,BASC-Mock-Specialization-Elementary.docx
SPECIALIZATION,Elementary Education,Educational Technology,EASY,Which part of the screen of a computer has a strong influence among learners?,Left half of the screen,Right half of the screen,Center of the screen,Corners of the screen,C,Central screen placement draws strongest learner attention.,BASC-Mock-Specialization-Elementary.docx
SPECIALIZATION,Elementary Education,Assessment,MODERATE,Learning outcome: Use the correct tense of verb in sentences. Which test item is aligned?,"I (am going, go) to school everyday.","Conjugate the verb ""lie"".",Is the verb used in this sentence correct? The criminal alluded the police.,"Birds are (fly, flies).",A,Choosing the correct tense in context directly matches the outcome of using correct verb tense.,BASC-Mock-Specialization-Elementary.docx
SPECIALIZATION,Elementary Education,Assessment,MODERATE,Learning outcome: Draw implications of research findings on lifestyle disease. Which test is aligned?,What does research say about lifestyle diseases? Do you agree? Why or why not?,What may be inferred from the research findings presented?,Are the research findings conclusive? Why or why not?,What are lifestyle diseases? Do they affect people at a young age,B,Asking what may be inferred aligns with drawing implications from findings.,BASC-Mock-Specialization-Elementary.docx
SPECIALIZATION,Elementary Education,Motivation,MODERATE,What did Teacher Ana used when she enhanced her students' inner motivation when she asked her volunteer students to complete the puzzle on the board?,Contest and game,Preparatory activities,Personal experience,Challenging statement,A,Using a puzzle activity as a contest/game taps intrinsic interest and engagement.,BASC-Mock-Specialization-Elementary.docx
SPECIALIZATION,Elementary Education,Motivation,EASY,What is the element in extrinsic motivation used in giving big prizes to teachers during annual Christmas party?,Value of rewards,Praise,High expectations,Frequent rewards,A,Large prizes exemplify extrinsic motivation through the value of external rewards.,BASC-Mock-Specialization-Elementary.docx
SPECIALIZATION,Elementary Education,Assessment,MODERATE,"In a class of 50 students, Romeo obtained a score of 30 which is the first quartile. What does his score imply?",below the 3rd decile,above the first quartile,above the 25th percentile,above the third quartile,A,"First quartile is the 25th percentile; 30th percentile is still below the 3rd decile (30th), so ""below the 3rd decile"" fits borderline wording of common keys—actually Q1 = 25th percentile = between 2nd and 3rd decile. Common LET key treats Q1 score as at/near lower distribution; choosing A as best available among options for ""not high"".",BASC-Mock-Specialization-Elementary.docx
SPECIALIZATION,Elementary Education,Social Dimensions,EASY,"Which schools are subject to supervision, regulation and control by the state?",Public schools,Private schools,Sectarian and non-sectarian schools,"Public, private sectarian and non-sectarian schools",D,The state supervises public and private (sectarian and non-sectarian) schools.,BASC-Mock-Specialization-Elementary.docx
SPECIALIZATION,Elementary Education,Curriculum,MODERATE,What is TRUE of Alternative Delivery Modes (ADMs)? I. Address the learning needs of the marginalized pupils and those learners at risk of dropping out II. Help learners overcome social and economic constraints in their schooling III. Simplify curriculum for students at risk of dropping out,I only,II and III,II only,I and II,D,"ADMs address marginalized/at-risk learners and help overcome constraints; ""simplify curriculum"" is not the defining truth.",BASC-Mock-Specialization-Elementary.docx
SPECIALIZATION,Elementary Education,Child Development,MODERATE,Young children develop in their executive and sustained attention. What are indicators of executive functioning? I. Inhibiting a strong tendency that is incorrect II. Shifting attention to another topic/item III. Waiting longer to get a more attractive reward,"I, II and III",I and III,I and II,II and III,A,"Inhibition, cognitive flexibility/shifting, and delay of gratification are executive function indicators.",BASC-Mock-Specialization-Elementary.docx
SPECIALIZATION,Elementary Education,Language Arts,EASY,"Gerry lacks originality and imagination in his speech. The words he uses and his speech patterns reveal a dull, unquestioning mind. How may Gerry's speech described?",Inarticulate,Banal,Haggard,Pessimistic,B,"Banal means unoriginal, commonplace, lacking freshness.",BASC-Mock-Specialization-Elementary.docx
SPECIALIZATION,Elementary Education,Learning Theories,MODERATE,"Which of the following is/are examples of ""thinking stems,"" or sentence starter that can prompt reflective thinking? I. ""I'm thinking..."" II. ""I'm wondering..."" III. ""From this chapter, I learned ..."" IV. ""From what I read, I realize ...""","I, II and IV","II, III and IV","I, II and III","I, III and IV",A,"Thinking stems prompt ongoing reflection (thinking/wondering/realizing); ""I learned"" is more summary than reflective stem in many frameworks—keyed set prioritizes I, II, IV.",BASC-Mock-Specialization-Elementary.docx
SPECIALIZATION,Elementary Education,Motivation,DIFFICULT,"A student once said: ""I don't like to recite because my barkada who is not academically performing sarcastically laughs at me"". What does this point to?",Group influence can impact on a student's orientation toward learning.,Cognitive factors influence a student's attitude toward class participation.,The impact of group influence on a student's thinking is the student's choice.,A student has the tendency to put blame on a factor outside himself for non-performance.,A,Peer group influence clearly affects willingness to participate and orientation to learning.,BASC-Mock-Specialization-Elementary.docx
SPECIALIZATION,Elementary Education,Child Development,MODERATE,"Bing, a preschooler, insists on getting noodles for himself from the serving dish each time his family attends a gathering, even though he usually drops pasta on the floor. When his mother tries to assist him, he brushes his mother off insists on doing it himself. In the context of Erikson's psychosocial development theory, what stage of psychosocial development best describes Bing's behavior?",Trust vs. Mistrust,Industry vs. Inferiority,Initiative vs. Guilt,Autonomy vs. Shame and Doubt,D,Insisting on doing tasks himself despite messiness is classic autonomy vs. shame and doubt (toddler/early preschool).,BASC-Mock-Specialization-Elementary.docx
SPECIALIZATION,Elementary Education,Learning Theories,MODERATE,Which of the following is NOT TRUE of behaviorists?,Free will plays a role in a person's development,Rewards reinforce good behavior,Learning is shaped by stimuli in the environment,Learners are passive participants,A,"Behaviorists emphasize environment and reinforcement, not free will as a driver of development.",BASC-Mock-Specialization-Elementary.docx
SPECIALIZATION,Elementary Education,Learning Theories,DIFFICULT,"According to Ausubel's subsumption theory, meaningful learning takes place when new material or relationships can be taken from the existing structure. Information can be linked to other concepts or information to create new interpretations or meaning. Which process is explained?",Correlative subsumption,Derivative subsumption,Advanced subsumption,Delayed subsumption,A,Correlative subsumption extends/elaborates the cognitive structure with new meanings linked to existing ideas.,BASC-Mock-Specialization-Elementary.docx
SPECIALIZATION,Elementary Education,Teaching Strategies,DIFFICULT,"Teacher Carl taught the parts of a microscope, demonstrated how to focus it under the low-power objective, and then asked 3 students to try to focus the microscope correctly. He also asked the class if the 3 students were able to focus the microscope correctly and ended his lesson citing the ""don'ts"" and explaining the ""why's"" behind the ""don'ts"" in focusing the microscope. Before he did all this, he asked the class if it was not important for them to learn how to focus the microscope. Based on Kendall's and Marzano's new taxonomy, in what domains was Teacher Carl's lesson? I. Information (Declarative knowledge) II. Mental procedure (procedural knowledge) III. Psychomotor procedures (Physical skills)",II and III,II only,I and II,"I, II and III",D,"Parts (declarative), focusing steps (mental procedure), and actual focusing (psychomotor) are all present.",BASC-Mock-Specialization-Elementary.docx
SPECIALIZATION,Elementary Education,Educational Technology,MODERATE,Miss Gasat is planning technology integration in her science lesson on states of matter. She is applying her pedagogical knowledge when she _____.,Studies how to attach a video to her audio-visual presentation,Looks into the characteristics and interests of the learners in order to choose activities that would match them,Learn how to scan pictures to include in her presentation,Researches further on plasma as another state of matter,B,Pedagogical knowledge is about teaching methods matched to learners; choosing activities by learner traits is PK.,BASC-Mock-Specialization-Elementary.docx
SPECIALIZATION,Elementary Education,Assessment,DIFFICULT,"Who gave the most authentic assessment task for the instructional objective ""Solve word problems involving operations with fractions"".",Mrs. Domingo required her students to solve a set of problems on operations with fractions.,Mr. Pastor asked his students to construct a word problem given a number sentence involving operations on fractions and then solve the problem they have constructed.,"Mr. Ildefonso asked students to construct any word problem on operations with fractions then formed pairs, exchanged problems, and helped each other solve the problems.",Mrs. Padaong required her students to construct any word problem involving operations on fractions and then show how to solve them.,C,"Constructing, exchanging, and collaboratively solving real problems is the most authentic among the options.",BASC-Mock-Specialization-Elementary.docx
SPECIALIZATION,Elementary Education,Language Arts,EASY,"I can't find ______ calculator; may I use ______, Prince?","my, yours","his, yours","my, his","yours, mine",A,"""my calculator"" and ""yours"" are the correct possessive forms in context.",BASC-Mock-Specialization-Elementary.docx
SPECIALIZATION,Elementary Education,Language Arts,EASY,Let us campaign for the total ban ______ of harmful insecticides.,with the use,on the use,on using,with using,B,"Idiomatic collocation: ""ban on the use of...""",BASC-Mock-Specialization-Elementary.docx
SPECIALIZATION,Elementary Education,Language Arts,EASY,"If I ______ known you before, we could have arranged a joint project.",Have,Could,Had,Will,C,"Past unreal conditional requires ""had known"".",BASC-Mock-Specialization-Elementary.docx
SPECIALIZATION,Elementary Education,Language Arts,EASY,"What figure of speech is: ""O wild west wind!""",Irony,Apostrophe,Metaphor,Hyperbole,B,Addressing the wind directly is apostrophe.,BASC-Mock-Specialization-Elementary.docx
SPECIALIZATION,Elementary Education,Philippine History,EASY,"The Philippine president who was known as the ""Man of the Masses"" was",Fidel Ramos,Manuel Quezon,Ramon Magsaysay,Manuel Roxas,C,Ramon Magsaysay is known as the Man of the Masses.,BASC-Mock-Specialization-Elementary.docx
SPECIALIZATION,Elementary Education,Social Studies,EASY,"Participation in governance, including the right to vote and seek public office is secured within the citizenry's ______.",Political rights,Right of suffrage,Socio-civic rights,Right to due process,A,Voting and seeking office are political rights (suffrage is part of them but the broader term is political rights).,BASC-Mock-Specialization-Elementary.docx
SPECIALIZATION,Elementary Education,Science,MODERATE,Science provides knowledge through disciplined observation. Which of the following is NOT characteristic of scientific assertion?,Logic and validity,Empirical support,Conformity with actual observation,Hearsay,D,Hearsay is not a basis for scientific assertion.,BASC-Mock-Specialization-Elementary.docx
SPECIALIZATION,Elementary Education,Science,EASY,Which of the following is a heterotroph?,Algae,Grasshopper,Fern,Moss,B,"Grasshopper is a consumer (heterotroph); algae, fern, moss are autotrophs.",BASC-Mock-Specialization-Elementary.docx
SPECIALIZATION,Elementary Education,Science,EASY,This demonstrated the feeding connections between all life forms.,Nutrition cycles,Fossil cycle,Biochemical pathways,Food web,D,A food web shows feeding connections among organisms.,BASC-Mock-Specialization-Elementary.docx
SPECIALIZATION,Elementary Education,Science,MODERATE,An ant colony stores food in the summer defends itself by stinging enemies and invades a competing ant colony and steals larvae and uses them as new workers. What is the term to best describe how this species copes with everyday life?,Ecological defeat,Environmental habitation,Ecological success,Ecological niche,D,The roles and strategies a species uses in its environment describe its ecological niche.,BASC-Mock-Specialization-Elementary.docx
SPECIALIZATION,Elementary Education,Mathematics,EASY,"The greatest common factor (GCF) of 22, 15, and 7 is ______.",1,2,3,4,A,"22, 15, and 7 share no common factor greater than 1.",BASC-Mock-Specialization-Elementary.docx
